concepticon	concepticon_ID	concepticon_proposed	NEL_concept	NEL_ID	lgc	lgcSD	inf	ranking_value	position_in_ranking	WOLD	ABVD	ASJP40	ASJP100	Holman ranking value	Holman	Rama & Borin score	Rama & Borin rank	Swadesh100	Swadesh200	IELex	Dyen 1975 P	Dyen 1975 rank	Pagel mean rate	Petroni & Serva	Peust ranking	Tadmor score	Tadmor rank	Tadmor representation score	WOLD borrowed score	WOLD age score	WOLD simplicity score	representation	Tadmor score (replica)
THAT	78	THAT	das::PRN	638	0.412522446691574	0.077372082194268	8.36729498788254	0.465459296765837	1	24-08	178		5	14.7	88	281.823	34	85	161	167			1.88		10				0.0281954887	0.7960526316	0.8735902256	58	0.6758159841
DAY (NOT NIGHT)	1225	DAY_(NOT_NIGHT)	Tag::N	450	0.494018982070388	0.082147787002275	9.12416093632435	0.467799009769086	2	14-41	168								27	27	13.58	56	1.04	0.26695	7				0.1393118149	0.887637028	0.9086479903	44	0.6941877128
AND	1577	AND	und::CNJ	675	0.267351294648484	0.093666397560385	7.41334587119925	0.500718421936289	3	17-51	192								2	2	9.89	71	3.39						0.1909594096	0.8642066421	0.9889298893	50	0.6914382713
NOT	1240	NOT	nicht::ADV	620	0.383642762709778	0.089215285647627	8.53023862569	0.507745376130199	4	24-06	195		8	18.3	72	297.628	42	62	107	112	3.5	139	0.82	0.35033	9	0.726	56	0.878	0.035483871	0.9329032258	0.9741935484	47	0.8765795576
WATER	948	WATER	Wasser::N	63	0.43032243683375	0.081557538875033	8.950806437425	0.507790450592125	5	1-31	122	32	75	37.4	3	219.858	15	94	181	187	12.28	59	0.86	0.18378	5	0.831	4	1	0.0911062907	0.9006507592	0.9869848156	45	0.807941634
GIVE	1447	GIVE	geben::V	898	0.353569502993373	0.092585327123333	8.40105891178036	0.521893338484	6	11-21			70	23.3	47	178.558	9	33	60	63	2.99	153	0.76	0.22864	5	0.727	53	1	0.0867768595	0.8851239669	0.9070247934	46	0.7331623706
THOU	1215	THOU	du::PRN	641	0.303296914652927	0.085015344799425	7.99953403351842	0.526986180164207	7	2-92	183	40	2	30.6	17	230.4	20	87	168	174	35.4	17	0.64		3	0.798	9	1	0.0416666667	0.8416666667	0.9333333333	60	0.7528240741
HEAD	1256	HEAD	Kopf::N	19	0.481098372042006	0.08980825748693	9.60494993314348	0.527506458476543	8	4-2	24		38	21.7	53	375.332	61	38	68	71	14.73	48	2.32		7				0.2035315985	0.8539033457	0.9665427509	50	0.6573525224
TEN	1515	TEN	zehn::NUM	662	0.480940274781011	0.074517612565101	9.74305755150364	0.541459507847454	9	13-1	206														4				0.275862069	0.8689655172	0.9482758621	44	0.5967034319
ONE	1493	ONE	eins::NUM	653	0.390707315657282	0.087750998495577	9.11297419639569	0.559660835548015	10	13-01	197	23	11	27.4	30	225.599	18	63	109	114	43.8	12	0.43	0.23093	4	0.753	32	1	0.1302083333	0.8760416667	0.96875	49	0.7381620619
COME	1446	COME	kommen::V	779	0.373022654968386	0.110432810196867	9.10274310769402	0.574553921297855	11	10-48	7	13	66	26.8	33	217.405	14	16	24	24	15.2	45	1.9		8	0.796	11	1	0.0323275862	0.8806034483	0.9396551724	45	0.8007136846
HE OR SHE OR IT	262	HE_OR_SHE_OR_IT	er::PRN	642	0.327068552956036	0.086616728226504	8.72996849422131	0.578635151761699	12	2-93	184									70						0.749	34	0.878	0	0.8059267868	0.9551133062	49	0.7697513979
SIX	1703	SIX	sechs::NUM	658	0.528253002521629	0.072689418823347	10.6296153750688	0.587533835237408	13	13-06	202														3				0.2558139535	0.8558139535	0.976744186	43	0.6220735281
SALT	1274	SALT	Salz::N	358	0.504592944425609	0.067628325178094	10.463506286272	0.592216978644148	14	5-81	125								125	131	4.83	111	1.01	0.26792	8	0.694	91	1	0.1517857143	0.8392857143	0.9761904762	44	0.6949442724
HUNDRED	1634	HUNDRED	hundert::NUM	673	0.463869112276055	0.064824428665091	10.1009486648991	0.592612665441458	15	13-105	209														5				0.4204545455	0.8363636364	0.9147727273	44	0.443400169
TWO	1498	TWO	zwei::NUM	654	0.41023678124631	0.087398961310533	9.64731396284435	0.595518293162755	16	13-02	198	28	12	39.8	2	204.345	11	91	176	182	78.9	2	0.09	0.28214	2				0.2309885932	0.8825095057	0.9771863118	46	0.6631771417
TAKE	1749	TAKE	nehmen::V	887	0.384952947719605	0.120829067963081	9.4377922545479	0.597321572507145	17	11-13										220						0.716	71	1	0.1004397734	0.8766025641	0.8865161002	50	0.6990683002
DRINK	1401	DRINK	trinken::V	736	0.41352853136252	0.096747262960957	9.70023295037928	0.59784761681166	18	5-13	40	25	54	25	38	169.873	6	19	32	32	30.6	24	1.49	0.16828	8	0.741	42	1	0.0956175299	0.864940239	0.9342629482	47	0.7308148495
EYE	1248	EYE	Auge::N	1	0.401255924849227	0.100744070719519	9.6107121547787	0.599940883113566	19	4-21	45	33	40	35.4	8	157.787	4	25	40	40	77.2	3	0.93		6	0.703	83	1	0.0960187354	0.8735362998	0.9180327869	44	0.7249341827
THREE	492	THREE	drei::NUM	655	0.433607710400681	0.081001262443003	9.95256153726549	0.605009214365936	20	13-03	199								169	175	49.1	11	0.09	0.44102	3				0.2191011236	0.8921348315	0.9775280899	45	0.6810116473
WHO	1235	WHO	wer::FPRN	647	0.297675103684497	0.090532069795863	8.753792644875	0.607471671171452	21	17-68	189		6	19	68	236.126	21	98	188	194	13.9	52	0.09	0.16351	5	0.749	34	1	0.0323741007	0.8478417266	0.9235611511	49	0.7576836697
BLOOD	946	BLOOD	Blut::N	41	0.383002269519126	0.097581187972207	9.58244627286667	0.613542584719453	22	4-15	23	1	30	29	26	268.841	29	9	16	15	27.8	27	2.19		6	0.805	7	1	0.0957446809	0.8957446809	1	47	0.8099818923
GO	695	GO	gehen::V	773	0.337235250972023	0.105288652799949	9.17385709876984	0.613873984002164	23	10-47										217					11	0.832	3	1	0.0370786517	0.9159550562	0.9741573034	48	0.8591996085
MOTHER	1216	MOTHER	Mutter::N	203	0.381913979084459	0.073647717713257	9.67930242161653	0.62420766098564	24	2-36	59								97	102	58.7	9	2.36	0.36627	8				0.1946624804	0.8737833595	0.9481946625	57	0.6672355984
SEE	1409	SEE	sehen::V	800	0.43615485933096	0.09492477976256	10.1949042373027	0.626951050332404	25	15-51	46	35	57	24.7	39	293.99	39	72	130	136	3.91	131	2.63	0.16764	9	0.695	89	1	0.0823293173	0.8489959839	0.8995983936	49	0.7008759607
WE	1212	WE	wir::PRN	643	0.339820548089271	0.083849632679113	9.34537474293739	0.628698981013395	26	2-94	185	36	3	25.4	37	270.771	30	95	182	188	74.7	4	0.37	0.16858	5				0.0088235294	0.9	0.8808823529	39	0.7857988754
ICE	617	ICE	Eis::N	78	0.424416285814723	0.098308488999375	10.130879197417	0.631113262508445	27	1-77									79	82			2.58		7				0.2307692308	0.8299595142	0.9048582996	45	0.5776890421
EAR	1247	EAR	Ohr::N	2	0.441485029827663	0.087609895670326	10.294518635629	0.632115336718	28	4-22	43	29	39	37.3	4	259.692	24	21	36	36	34.3	21	0.88		7	0.764	22	1	0.1039325843	0.8584269663	0.9606741573	47	0.7389586634
NEW	1231	NEW	neu::A	564	0.454903025468175	0.071757416654872	10.4488074199791	0.635468019076556	29	14-13	163	11	96	24.3	41	346.665	53	59	104	109	36.5	16	0.6	0.31961	5	0.727	53	1	0.0804597701	0.8505747126	0.9195402299	44	0.7192070499
I	1209	I	ich::PRN	640	0.213924861244921	0.100224407646695	8.37554634887699	0.64502225976727	30	2-91	182	22	1	35.9	6	101.953	1	42	78	0	14.24	51	0.09		3	0.776	14	0.976	0.0296610169	0.8762711864	0.936440678	59	0.7962368657
NAME	1405	NAME	Name::N	230	0.387752480988613	0.064978085123887	9.98167645379099	0.649190412489348	31	18-28	63	7	100	32.4	13	222.516	16	57	100	105	34.4	20	0.47	0.27962	5	0.774	15	1	0.0852272727	0.8818181818	0.9545454545	44	0.769996713
BURNING	1428	BURNING	brennen::V	697	0.438483499635094	0.116357829024527	10.4431569606139	0.649680546389806	32	1-852	144		84	15.5	85	384.256	63	12	20	20	3.98	128	2.94	0.15918	11	0.727	53	1	0.049382716	0.850617284	0.8888888889	44	0.7187657708
FIRE	221	FIRE	Feuer::N	70	0.346811933146841	0.10165409517097	9.64135388496429	0.652004648664271	33	1-81	143	37	82	25.7	36	265.697	27	28	49	50	15.05	46	1.75		7	0.901	1	1	0.0354578883	0.9409035195	0.9947469795	42	0.9027737358
WHAT	1236	WHAT	was::FPRN	646	0.263239296210473	0.095285666040456	8.91162088338151	0.654246721748725	34	17-64	188		7	20.7	60	295.904	41	96	184	190	18.3	41	0.69		7	0.732	50	1	0.0292397661	0.8233918129	0.9385964912	45	0.7502352201
TOOTH	1380	TOOTH	Zahn::N	5	0.382004706140331	0.094491133834687	9.99391410435182	0.655587174908884	35	4-27	31	20	43	30.7	15	385.485	64	89	173	179	21	36	1.18	0.27677	7	0.755	28	1	0.1175373134	0.922761194	0.9748134328	49	0.7937928422
LEG	1297	LEG	Bein::N	38	0.37383522292299	0.121975692479651	9.93275899110357	0.656824198479666	36	4-35	4								88	92	6.32	97	3.73						0.1461864407	0.9085956416	0.9818401937	41	0.7616834226
FINGERNAIL OR TOENAIL	1896	FINGERNAIL_OR_TOENAIL	Nagel[Anatomie]::N	32	0.483957927993322	0.088508475682937	10.9471393412282	0.659151798928828	37																								
WINTER	1471	WINTER	Winter::N	461	0.561919869162739	0.084996785793331	11.6716358157937	0.661435699332904	38	14-74															5				0.0897435897	0.8269230769	0.8269230769	40	0.6224349492
NIGHT	1233	NIGHT	Nacht::N	454	0.39144527773081	0.078324785911937	10.1478940413133	0.662488654173598	39	14-42	167	15	92	29.6	22	464.536	82	60	105	110	4.44	116	0.76	0.29403	6	0.766	20	1	0.0689655172	0.8977011494	0.933908046	46	0.7805516831
NOSE	1221	NOSE	Nase::N	3	0.431394127511238	0.081879006381895	10.5302352641752	0.664768811657409	40	4-23	27	19	41	27.3	31	275.397	32	61	106	111	39.9	14	1.49	0.3169	7	0.864	2	1	0.0267857143	0.8928571429	0.9799107143	42	0.851484916
STONE		ROCK	Stein::N	64	0.456490717543677	0.104649555734847	10.7689313818018	0.666051492390867	41	1-44	120	8	77	32.1	14	268.448	28	81	154	160	41.6	13	2.73	0.19369	5	0.756	27	1	0.105	0.894	0.9575	54	0.766124475
DO	813	DO	tun::V	812	0.252735303825802	0.096197762493516	8.93882661182155	0.666420887738933	42	9-11										223					7	0.759	25	1	0.027832351	0.897184021	0.9394237066	42	0.8193778328
WIND	960	WIND	Wind::N	61	0.444948053204816	0.109164584786426	10.6739126639723	0.666938018512897	43	1-72	136								191	197	10.9	66	1.78	0.19535	9	0.736	48	1	0.1717391304	0.9095652174	0.9869565217	45	0.7435308786
SON	1620	SON	Sohn::N	204	0.410324361639609	0.1001425709548	10.3782218535658	0.668530259880933	44	2-41															7				0.1118881119	0.8783216783	0.8671328671	48	0.6764051929
MONTH	1370	MONTH	Monat::N	456	0.402965338535089	0.099210056385095	10.3443568023118	0.671766875549602	45	14-71																			0.1921965318	0.8803468208	0.9739884393	42	0.6926491661
WOOL	964	WOOL	Wolle::N	364	0.421211814932657	0.088152322100462	10.514114426687	0.672320809229312	46	6-22																			0.3242574257	0.878960396	0.8069306931	38	0.4792772604
THEY	817	THEY	sie::PRN	645	0.394762867832908	0.087605071827848	10.3594539427653	0.680658813226912	47	2-96	187								163	169	17.2	42	2.75						0.0741525424	0.8019067797	0.7987288136	49	0.5930108986
SEA	1474	SEA	Meer::N	106	0.467526388065033	0.079618084013901	11.0339313006078	0.682619380802253	48	1-32	124								129	135	7.92	83	2.53	0.25906	13				0.4618320611	0.8615776081	0.9160305344	43	0.4247390341
READ	724	READ	lesen::V	1006	0.437929193336316	0.11390162722427	10.7697443126054	0.682838157257851	49	18-52																			0.4335443038	0.8253164557	0.8702531646	47	0.4068478863
FLY (MOVE THROUGH AIR)	1441	FLY_(MOVE_THROUGH_AIR)	fliegen::V	772	0.512716156302945	0.09752228620367	11.5193284370144	0.69048830302879	50	10-37	101		64	24.1	44	440.443	78	30	55	56	2.88	154	2.83		12				0.1311407161	0.8476269775	0.912572856	44	0.6720812251
HEAD LOUSE		LOUSE	Laus::N	167	0.393540097543366	0.115344574033363	10.4702184217718	0.692835754388154	51	3-811	108	38	22	42.8	1	111.647	2	50	93	97	71.2	5	1.74	0.16624	8	0.774	15	1	0.0502392344	0.8736842105	0.9425837321	47	0.7821474831
FISH	227	FISH	Fisch::N	160	0.383164505466753	0.120748657349985	10.3849576353936	0.693647708619286	52	3-65	111	2	19	33.4	12	227.537	19	29	50	51	22.5	35	1.45	0.16693	7	0.745	38	1	0.1451612903	0.8537634409	0.9838709677	48	0.7180585859
DIE	1494	DIE	sterben::V	750	0.470981508987589	0.085396577244554	11.1778013746863	0.693896779379799	53	4-75	75	17	61	36.3	5	175.367	7	17	28	28	60.5	7	0.82	0.25602	4				0.2045454545	0.8263636364	0.8954545455	61	0.5886133546
ARM	1673	ARM	Arm::N	26	0.384375097301592	0.113970192205054	10.3983774510076	0.693900157529323	54	4-31																			0.0932835821	0.8646766169	0.9402985075	45	0.7372095304
MOUNTAIN	639	MOUNTAIN	Berg::N	96	0.409052837537445	0.095618179307805	10.6530722166423	0.697159667880527	55	1-22		3	86	26.2	35	250.578	23	55	98	103	3.32	143	2.75	0.17545	11				0.1739130435	0.8927536232	0.9710144928	73	0.7161155402
DOOR	1567	DOOR	Tür::N	318	0.40003818289024	0.093108325762907	10.5744452010145	0.697410155500237	56	7-22																			0.226744186	0.8686046512	0.8975290698	59	0.6028286277
LAKE	624	LAKE	See::N	89	0.445286589052506	0.097517165185308	10.9879109103856	0.698033160891303	57	1-33	126								84	88	4.2	123	3.5						0.2147239264	0.8445807771	0.9233128834	47	0.612367951
HEAR	1408	HEAR	hören::V	803	0.394119905643344	0.108130273259288	10.5275596988477	0.69804805480576	58	15-41	44	14	58	33.8	10	421.242	76	39	69	72	37.1	15	2.35		7	0.723	61	1	0.046993431	0.8150581102	0.8946437595	46	0.6949196692
SNOW	784	SNOW	Schnee::N	77	0.394855803274255	0.112201461891496	10.5661271245559	0.701242489508756	59	1-76									145	151			1.62	0.17697	11				0.237244898	0.8897959184	0.9336734694	36	0.6336808005
HAND	1277	HAND	Hand::N	28	0.341206926867759	0.1073151830654	10.087038148732	0.701617580692213	60	4-33	1	10	48	34.9	9	236.955	22	37	66	69	19.6	39	0.82	0.22261	4	0.768	19	1	0.1507352941	0.8740196078	0.9926470588	45	0.7368161081
TREE	906	TREE	Baum::N	112	0.374362589183608	0.111283348203426	10.3900944543956	0.70208311517431	61	8-6		24	23	33.6	11	153.598	3	90	174	180	33.1	23	3.58		10				0.2521367521	0.7897435897	0.9515669516	59	0.562014669
THIS	1214	THIS	dies::PRN	637	0.18851041708955	0.100896715194656	8.72650791989769	0.702991416609174	62	24-07	177		4	18.2	73	211.777	12	86	167	173	3.14	147	2.18		8	0.745	38	0.976	0	0.8439516129	0.8971774194	44	0.7571743301
EAT	1336	EAT	essen::V	737	0.347595877796299	0.112357593010149	10.1591409145784	0.703077801441168	63	5-11	37		55	20	66	223.821	17	23	38	38	60.1	8	1.77		5	0.714	75	1	0.0801886792	0.8981132075	0.9245283019	58	0.7637479261
YEAR	1226	YEAR	Jahr::N	457	0.304483954003048	0.115822532916361	9.78105766385603	0.70407020778286	64	14-73	169								199	204	6.74	92	2.78	0.17892	6				0.1861702128	0.889787234	0.9712765957	46	0.7033357228
PRICE	657	PRICE	Preis::N	425	0.388750218666683	0.096247695743325	10.541538550077	0.704278658207685	65	11-87																			0.4313304721	0.7991416309	0.8809012876	42	0.4003233826
BONE	1394	BONE	Knochen::N	44	0.402010562613276	0.097047583979783	10.6790938959243	0.706099883240486	66	4-16	15	5	31	30.1	19	291.445	38	10	18	17	15.04	47	1.34	0.17056	8	0.805	7	1	0.0823529412	0.88	0.9705882353	44	0.7837785467
DRY	1398	DRY	trocken::A	509	0.50178439394465	0.074987518357671	11.5786611642781	0.706260161877622	67	15-84	140		99	18.9	69	499.142	88	20	33	33	4.19	125	1.83	0.207	7				0.0842696629	0.8449438202	0.8370786517	46	0.647681813
WHITE	1335	WHITE	weiß::A	525	0.4426115374481	0.083980396469004	11.0537485632292	0.70702447261963	68	15-64	148		90	22.7	50	461.035	81	97	187	193	8.15	82	2.22		9				0.1586538462	0.8534615385	0.9192307692	46	0.660059705
SOIL		EARTH_(SOIL)	Erde::N	66	0.387678378066192	0.106330200289476	10.5726016057268	0.70834962031311	69	1-212	119		79	21.7	54	351.177	56	22	37	37	7.2	89	3.52	0.15965	10	0.722	63	0.951	0.099934612	0.8809938971	0.954228422	44	0.7566574443
NEST	539	NEST	Nest::N	130	0.480091648266405	0.085169604825317	11.4164504185574	0.709562558415975	70	3-58															9				0.125	0.8785714286	0.8988095238	43	0.6909598214
END (OF SPACE)	742	END_(OF_SPACE)	Ende::N	276	0.343578041644035	0.108490920696686	10.1906581630252	0.709845578822888	71	12-35																			0.0969761759	0.8370800244	0.8930971289	42	0.6750949819
DEATH	910	DEATH	Tod::N	412	0.526262335378169	0.079017392525505	11.8364519994198	0.710009098101631	72																								
SMOKE (EXHAUST)	778	SMOKE_(EXHAUST)	Rauch::N	68	0.382801383920578	0.09992005221329	10.5480519042561	0.710283944897094	73	1-83	145		81	18.5	71	318.681	48	78	142	148	11.08	65	1.7	0.21213	9	0.734	49	1	0.0840517241	0.836637931	0.9288793103	44	0.7118160719
FIVE	493	FIVE	fünf::NUM	657	0.384114505528326	0.087754641967916	10.5820128502431	0.712498230048819	74	13-05	201								51	52	80.5	1	0.09	0.22353	2				0.2282608696	0.8630434783	0.9510869565	46	0.6334661636
CHEST	1592	CHEST	Brust::N	24	0.489832577420404	0.093955493710535	11.5345242706411	0.712603107385743	75	4-4																			0.1720430108	0.8204301075	0.9139784946	49	0.6208480811
MILK	635	MILK	Milch::N	361	0.452367591772887	0.093516130939897	11.1997251778607	0.712841685190476	76	5-86															9				0.3117977528	0.8464419476	0.8876404494	48	0.5170711998
LAY (VERB)	2071	LAY_(VERB)	legen::V	824	0.375623060956339	0.103145307101209	10.5208926193802	0.71402850707731	77																								
HOLD	1448	HOLD	halten::V	849	0.419914859403345	0.099737113466033	10.9331326175407	0.715389888291058	78	11-15	89								74	77	1.15	193	4.48						0.1002227171	0.85077951	0.8788975501	47	0.672806688
HORN (ANATOMY)	1393	HORN_(ANATOMY)	Horn::N	122	0.431998687750198	0.101332605299047	11.0419506586748	0.715396246892299	79	4-17		18	34	28.8	27	184.285	10	41		78					4	0.745	38	1	0.1597826087	0.8765217391	0.9869565217	42	0.7268626942
GRASS	606	GRASS	Gras::N	110	0.452450939924921	0.1023849609933	11.2291836520106	0.715712519268632	80	8-51	118								62	65	2.25	171	2.73	0.26231	9				0.1737193764	0.8601336303	0.9732739421	45	0.691717229
YOU	1213	YOU	ihr::PRN	644	0.289024437024571	0.103902668327269	9.76559693042456	0.716437699720342	81	2-95	186								198	206	35.1	18	1.32	0.45395	5				0.0380952381	0.7895238095	0.8095238095	53	0.6147901954
GROW	479	GROW	wachsen::V	716	0.461094360212318	0.099106687129137	11.3149389670373	0.716508972512644	82	12-53	86																		0.0390070922	0.8329787234	0.8510638298	51	0.6812652302
CARRY	700	CARRY	tragen::V	873	0.455209516229	0.113139031068056	11.2995710549319	0.720268540887093	83	10-61										219					12	0.717	70	0.976	0.0808918496	0.8735232139	0.9533682279	53	0.7654234134
BE ALIVE	1422	BE_ALIVE	leben::V	733	0.414437761428678	0.094794239025764	10.9444110448017	0.721447119194363	84	4-74	76								90	94	9.14	76	1.1	0.18716	8				0.1314168378	0.8437371663	0.818275154	48	0.5996777712
LONG	1203	LONG	lang::A	483	0.425103985258406	0.095521178254439	11.0461793859411	0.722024351861541	85	12-57	155		14	17.4	77	500.151	89	49	92	96	4.36	118	1.22	0.22491	8	0.707	78	1	0.0439783491	0.8876860622	0.898060442	49	0.762136385
FATHER	1217	FATHER	Vater::N	202	0.297603194743739	0.09529813835054	9.90138319266033	0.722295443996667	86	2-35	60								44	44	63	6	2.3	0.21319	7				0.2516017743	0.855101035	0.9637752587	53	0.6167738534
HEART	1223	HEART	Herz::N	46	0.443152573699037	0.088482164330698	11.2120633984482	0.722369023515691	87	4-44			52	23.2	48	320.086	49	40	70	73	7.55	85	1.69	0.17023	6				0.2233009709	0.8323624595	0.9587378641	55	0.6198193449
KNOW (SOMETHING)	1410	KNOW_(SOMETHING)	wissen::V	1000	0.42113389663292	0.087041076457988	11.0239262383938	0.723372116869747	88	17-17	20		59	14.1	93	527.866	93	45	83	87	5.64	102	2.11	0.17117	9	0.725	58	1	0.0666936136	0.8710590137	0.9078415521	49	0.7380433534
WOOD	1803	WOOD	Holz::N	299	0.38166862641549	0.112151209334919	10.6831847387017	0.724816710096231	89	1-43	79															0.705	80	1	0.1401225115	0.9310872894	0.9402756508	43	0.7528044319
SUN	1343	SUN	Sonne::N	57	0.414012924050412	0.089469372536033	10.9797494441478	0.725363312769412	90	1-52		12	72	24.2	43	177.999	8	82	157	163	9.65	74	0.98	0.25535	7				0.1390020367	0.8932790224	0.8716904277	48	0.6704270618
MELT	2334	MELT	schmelzen::V	702	0.45299597972864	0.105741251227992	11.3429700072948	0.726600618973702	91	1-99912																							
OIL (ORGANIC SUBSTANCE)	1484	OIL (ORGANIC SUBSTANCE)	Öl::N	357	0.419615047550443	0.082556786830982	11.0493008093409	0.727276538138692	92	5-79																			0.5997536946	0.8103448276	0.9187192118	43	0.2979751138
VOICE	1363	VOICE	Stimme::N	234	0.396067683284477	0.102812665276343	10.8376188071397	0.727300965757936	93	18-11																			0.265171504	0.8591029024	0.9722955145	44	0.6138036378
LICK	319	LICK	lecken::V	853	0.479031829084761	0.089451043711922	11.5997957811864	0.728850931942351	94	4-59																			0.1626506024	0.886746988	0.9036144578	42	0.6709491471
		PASS_(SOMETHING)	reichen::V	899	0.388664735743734	0.13544418616855	10.795577921033	0.729759529933943	95																								
DOG	2009	DOG	Hund::N	139	0.327828138209376	0.094271810466264	10.2564531978949	0.730599995401053	96	3-61	96	21	21	24.2	42	263.383	25	18	31	31	5.11	107	1.79		11	0.699	84	1	0.1616161616	0.8797979798	0.9595959596	50	0.7078060474
SKIN	763	SKIN	Haut::N	40	0.382300117184006	0.105245045334626	10.7484945434304	0.730779348877438	97	4-12	12	39	28	29.6	21	271.754	31	75	137	143	10.32	70	2.73		9	0.718	67	1	0.1109785203	0.8978520286	0.923627685	49	0.7372486134
BOW	994	BOW	Bogen[Waffe]::N	439	0.393532703821249	0.10714849402515	10.9044188960923	0.736262456170107	98	20-24																			0.1575342466	0.8616438356	0.9109589041	41	0.6612700088
FLOW	2003	FLOW	fließen::V	692	0.441829486096625	0.108538489133616	11.3413015698845	0.736483619501486	99	10-32	123								53	54	7.44	86	3.4						0.041958042	0.848951049	0.8391608392	44	0.6825152939
HAY	342	HAY	Heu::N	177	0.524472881985144	0.061353319268623	12.0990240195849	0.737876808171861	100	8-52																			0.1492537313	0.7721393035	0.8582089552	38	0.5637528552
PLACE (POSITION)	723	PLACE_(POSITION)	Ort::N	267	0.359012668165386	0.104083798125853	10.6121380816412	0.738102406815274	101	12-11																			0.2548179872	0.8501070664	0.9606531049	50	0.6085588469
TONGUE	1205	TONGUE	Zunge::N	6	0.410418268384912	0.122557624070603	11.0839860487786	0.739022163331436	102	4-26	32	16	44	30.1	20	325.452	51	88	172	178	25.8	31	0.49	0.18194	4	0.808	6	1	0.0663716814	0.8769911504	0.953539823	42	0.7807429342
SUMMER	1342	SUMMER	Sommer::N	459	0.403901433724526	0.109897338491529	11.0402096826764	0.740509677915563	103	14-76															10				0.1285377358	0.8509433962	0.8372641509	38	0.6208858393
FOOT	1301	FOOT	Fuß::N	34	0.381907326849069	0.099015547444664	10.8572769496076	0.742011100796594	104	4-37	4		46	21.6	55	295.059	40	31	57	58	3.9	132	1.39	0.1683	9	0.747	37	1	0.1414165103	0.8616322702	0.9648217636	48	0.7137589716
		NET	Netz::N	330	0.410632982977492	0.104573265539277	11.1158449308325	0.742014808403503	105																								
FOUR	1500	FOUR	vier::NUM	656	0.478258644948038	0.083030857276032	11.7336302934866	0.742930248895427	106	13-04	200								58	59	55.7	10	0.38	0.30226	2				0.2119565217	0.8630434783	0.9619565217	46	0.6542418144
SOUND OR NOISE	1811	SOUND_OR_NOISE	Laut::N	239	0.310750911072891	0.126294988650239	10.2309847938263	0.743422659417025	107	15-44																			0.1850699844	0.7968895801	0.9020217729	61	0.5857812721
COW	1007	COW	Kuh::N	134	0.351192796579746	0.110229640412319	10.6315253224279	0.747079015321022	108	3-23																			0.3002309469	0.841108545	0.8614318707	41	0.5070230608
HONEY	942	HONEY	Honig::N	360	0.4302026246049	0.089539469631493	11.3476657427676	0.747584212132355	109	5-84															9				0.3079268293	0.843902439	0.9085365854	45	0.5306237395
SEVEN	1704	SEVEN	sieben::NUM	659	0.469901326347442	0.060806138535886	11.719354699627	0.749024276250005	110	13-07	203														5				0.2897727273	0.8795454545	0.9772727273	45	0.610479961
HAIR	1040	HAIR	Haar::N	11	0.36012657060098	0.113856855967223	10.7356617982513	0.749452266284246	111	4-14	26		37	18.6	70	349.821	55	36	65	68	11.67	63	3.61	0.18522	11	0.754	31	1	0.0564218301	0.8799753796	0.916906032	48	0.7613305128
SELL	1571	SELL	verkaufen::V	1012	0.439316966886976	0.108495789497951	11.4549059224651	0.750105322048235	112	11-82																			0.1726315789	0.8648421053	0.8610526316	43	0.6161202237
BRIDGE	1011	BRIDGE	Brücke::N	399	0.397872901131133	0.110973271064599	11.0892280732018	0.750837196302161	113	10-74																			0.4171597633	0.8461538462	0.9467455621	44	0.4669088833
DREAM	2374	DREAM	Traum::N	55	0.478713642942138	0.096857787260777	11.8348367209929	0.752641393451361	114	4-62	50														5				0.0862068966	0.8436781609	0.7471264368	44	0.575995098
		SLEEP_(STATE)	Schlaf::N	54	0.358851717262828	0.105573288316697	10.7607243965696	0.753105894120419	115																								
PUT	998	PUT	stellen::V	822	0.400778563208322	0.118528710336671	11.1858763808594	0.757886931198452	116	12-12																			0.0633406318	0.815139193	0.8592430404	58	0.6560387303
		WAY	Weg::N	403	0.246134795388135	0.123992444794496	9.79874556130424	0.758353240281102	117																								
MOUTH	674	MOUTH	Mund::N	4	0.241387497166592	0.125792030581319	9.75765092504818	0.758516345054885	118	4-24	30		42	21.5	57	318.221	47	56	99	104	3.45	141	2.78	0.19067	8	0.817	5	1	0.0796252927	0.8894613583	0.9824355972	45	0.8042588543
SEW	1457	SEW	nähen::V	966	0.348470225796448	0.117742800947296	10.7487795392537	0.761254750708567	119	6-35	67								132	138	6.49	95	1.71	0.17686	10				0.1052631579	0.8608187135	0.8947368421	44	0.6891318786
GOOD	1035	GOOD	gut::A	558	0.329704215614175	0.120940116003393	10.5877541191214	0.762041617859379	120	16-71	164		97	16.9	79	398.742	67	34	61	64	2.32	169	3.04		11	0.726	56	1	0.1072124756	0.869005848	0.9454191033	52	0.7334916689
ARROW	977	ARROW	Pfeil::N	440	0.382984962735292	0.105701272581785	11.074640552764	0.76277758881464	121	20-25																			0.1913580247	0.8209876543	0.9135802469	42	0.6065122939
GET	694	GET	bekommen::V	885	0.396775573583107	0.099006767001397	11.2000104617927	0.762903029954472	122	11-16																			0.1592517695	0.8537411527	0.8634984833	48	0.6198031187
SAND	671	SAND	Sand::N	191	0.407598559659566	0.131877221856309	11.304076003381	0.763568896644494	123	1-215	121		78	14.9	87	527.829	92	70	126	132	6.2	98	4.26	0.17443	11	0.724	59	1	0.0994475138	0.8762430939	0.9281767956	46	0.7324269981
RIVER	666	RIVER	Fluss::N	102	0.323850009154776	0.117708228309322	10.5532429156689	0.763859283327587	124	1-36									119	124	2.27	170	3.69		12				0.2238163558	0.8944045911	0.9203730273	63	0.6389434015
RAIN (PRECIPITATION)	658	RAIN_(PRECIPITATION)	Regen::N	76	0.386294910822012	0.104698529847464	11.1205751649159	0.764392096751782	125	1-75	133		76	29.3	24	264.581	26	65	115	120	28.6	26	2.39		8	0.782	13	1	0.083677686	0.905785124	0.9504132231	43	0.7888345363
BECOME	1990	BECOME	werden::V	681	0.294191117540165	0.10842533019898	10.2982133124792	0.765049325461771	126	24-02																			0.1711491443	0.8332518337	0.8422982885	43	0.5817261496
LEATHER	629	LEATHER	Leder::N	363	0.413195572442262	0.094854925483182	11.3766185961923	0.765785844421195	127	6-29																			0.1352785146	0.8625994695	0.8912466844	44	0.6647882944
LANGUAGE	1307	LANGUAGE	Sprache::N	233	0.359404095062897	0.122765353805763	10.8928079476169	0.765817109205087	128	18-24																			0.3068181818	0.8426136364	0.8678977273	45	0.5069255688
MOON	1313	MOON	Mond::N	58	0.341503020365019	0.121181998490298	10.7357910607409	0.76622638774557	129	1-53	129		73	23.4	46	308.394	44	54		101					6				0.2841981132	0.8938679245	0.9575471698	49	0.6126696529
OPEN	1156	OPEN	öffnen::V	820	0.455012800271629	0.102418839884796	11.7614143658202	0.76662991633755	130	12-24	92														9				0.1048951049	0.8377622378	0.8583916084	51	0.6436950599
WING	1257	WING	Flügel::N	125	0.419967417910639	0.100282824809014	11.4546268991441	0.767492013794832	131	4-392	100								192	198	3.65	138	2.66	0.16288	9	0.773	17	1	0.1163793103	0.8806034483	0.9676724138	43	0.7529647034
BRING	692	BRING	bringen::V	883	0.416547367315096	0.112105594658069	11.43181011815	0.768288381231413	132	10-62																			0.0180084746	0.8311440678	0.7542372881	47	0.6155906979
PULL	1455	PULL	ziehen::V	875	0.390441262674182	0.103308583635372	11.2078817730874	0.769391040901976	133	9-33									113	118	1.89	179	4.53	0.16984					0.1358595194	0.8524953789	0.9362292052	51	0.6896973673
NEEDLE (FOR SEWING)	1382	NEEDLE_(FOR_SEWING)	Nadel::N	366	0.429035940540251	0.100665343848867	11.5567509935125	0.769542752865024	134	6-36	68																		0.3741092637	0.8489311164	0.9429928741	44	0.5010480624
DRAW MILK	93	DRAW_MILK	melken::V	956	0.47405930290789	0.094287741035886	11.9839568958	0.771742316962899	135	5-87																			0.0699481865	0.8155440415	0.7435233161	37	0.5639611078
WRITE	1672	WRITE	schreiben::V	1009	0.424477889941385	0.122339741939169	11.5568652318745	0.773656422240208	136	18-51																			0.2887473461	0.8256900212	0.8938428875	43	0.5249308836
TIE	1917	TIE	binden::V	857	0.397917715460069	0.114064072262969	11.3348251003624	0.775356566122178	137	9-16	66								171	177	2.66	160	2.68	0.17789	9	0.697	88	1	0.121037464	0.8746397695	0.9481268012	61	0.7288967408
SAY	1458	SAY	sagen::V	981	0.249260265595463	0.105554382463445	9.99988412801846	0.775654173765929	138	18-22	64		71	16	84	412.343	73	71	127	133	0.92	194	3.64		10	0.755	28	1	0.0277264325	0.8399260628	0.9279112754	54	0.7577675242
HORSE	615	HORSE	Pferd::N	136	0.342881385239746	0.118462995685176	10.8436243252062	0.775769185804847	139	3-41																			0.5737051793	0.861752988	0.9880478088	47	0.3629700686
IRON	621	IRON	Eisen::N	185	0.472762518976078	0.107029931506629	12.01880716127	0.776394449048529	140	9-67																			0.2727272727	0.7976076555	0.985645933	40	0.5717518122
		SIDE_(OF_OBJECT)	Seite::N	268	0.311483566669581	0.112735865569949	10.5685477529174	0.776519565289116	141																								
MEAT	634	MEAT	Fleisch::N	350	0.321712607202872	0.121477935577223	10.6625176204851	0.776710415565923	142	5-61	103		29	16.4	82	387.652	65	53	96	100	2.53	166	1.62	0.2261	10	0.771	18	1	0.126911315	0.8795107034	0.9724770642	43	0.7467562331
BUY	1869	BUY	kaufen::V	1011	0.413942432122091	0.104715728263179	11.5063065622889	0.778082467319007	143	11-81	91																		0.1522198732	0.8742071882	0.866807611	46	0.6424218756
		RECEIVE	erhalten::V	886	0.358518874613793	0.110193144471337	11.0267646166348	0.780009474511068	144																								
BOIL (SOMETHING)	2492	BOIL_(SOMETHING)	kochen::V	961	0.378946685780232	0.11157445081419	11.217688199692	0.780716802766991	145	5-22																			0.1755852843	0.8123745819	0.8269230769	53	0.5538181362
CATCH	702	CATCH	fangen::V	878	0.343600922661042	0.12641018710051	10.937701832174	0.78452935282246	146	10-252																			0.1580698835	0.8374930671	0.8738214088	48	0.6161407689
		TRACK_(OF_ANIMAL)	Spur::N	182	0.368250144499167	0.119610406901299	11.1611703443347	0.78469190438422	147																								
		DENSE	dicht::A	487	0.469411050855146	0.082506281782164	12.0731466694607	0.784844721176434	148																								
SIT	1416	SIT	sitzen::V	678	0.463951173180332	0.073809386840526	12.0350155494884	0.78594549908654	149	12-13	51		68	14.3	90	620.247	99	74	136	142	1.81	181	1.25	0.22757	6				0.0886075949	0.853164557	0.8924050633	44	0.6939053503
		TONE_(MUSIC)	Ton::N	240	0.348575401023899	0.095519921127043	11.0072007451544	0.787002213593929	150																								
CUT	1432	CUT	schneiden::V	866	0.357444025594651	0.121248921431021	11.0891769659984	0.787218073564657	151	9-22	78								26	26	1.74	184	3.36	0.16245	13				0.0811584978	0.7915977085	0.9132718014	64	0.6642708271
MAKE	734	MAKE	machen::V	834	0.226100896213552	0.097271288540478	9.90817584412754	0.787326777820556	152	9-111																			0.07996379	0.8696439348	0.8958961979	47	0.7168100508
WHERE	1237	WHERE	wo::FADV	648	0.294878932841408	0.098590997031164	10.532988680227	0.787907828465431	153	17-66	181								186	192	7.68	84	0.7						0.0026315789	0.7957894737	0.8315789474	49	0.6600202945
DIVIDE	1119	DIVIDE	teilen::V	881	0.512267453661119	0.091283910000562	12.5102973078733	0.789989022492326	154	12-232																			0.185915493	0.8366197183	0.8436619718	43	0.5746005795
FOAM	1768	FOAM	Schaum::N	87	0.43112862098007	0.125769621418553	11.7880925303789	0.790793494155831	155	1-324																			0.1489361702	0.8404255319	0.9521276596	47	0.681014804
FULL	1429	FULL	voll::A	510	0.439125119406803	0.095722081893347	11.8699510210964	0.791782494643517	156	13-21		6	95	26.9	32	359.211	58	32		62					4				0.1063829787	0.8744680851	0.8776595745	49	0.6858379165
DIG	1418	DIG	graben::V	840	0.339742111952315	0.120662443298543	10.9762786342634	0.791859962669258	157	8-22	90								29	29	12.13	61	3.86	0.19052	8				0.1083467095	0.8343499197	0.8916532905	50	0.6633462246
LEAF	628	LEAF	Blatt::N	117	0.384452506985632	0.103068471789841	11.384519406927	0.792444684405634	158	8-56	114	30	25	29.4	23	297.915	43	46	86	90	25.9	30	2.43	0.1739	10	0.721	64	1	0.103250478	0.8984703633	0.9770554493	47	0.7872163785
BRANCH	826	BRANCH	Ast::N	115	0.289060017560822	0.11386558598861	10.5266130267784	0.792507286873098	159	8-55	113																		0.1715328467	0.8777372263	0.9562043796	50	0.6953293169
FALL	1280	FALL	fallen::V	696	0.354443752157063	0.122044553735555	11.1213001967789	0.793130642736534	160	10-23	95								41	41	1.15	192	2.97	0.15968	12	0.704	81	1	0.0541516245	0.8581227437	0.9025270758	50	0.7325397139
THING	738	THING	Sache::N	271	0.290610946482687	0.119525144428598	10.5593791621356	0.79438806437914	161	11-18																			0.2277227723	0.7968316832	0.899009901	45	0.5532281848
HOUSE	1252	HOUSE	Haus::N	307	0.23415788025867	0.115725596031841	10.0516453372124	0.794422441488437	162	7-12	61									213					11	0.758	26	1	0.1066945607	0.8673640167	0.9686192469	46	0.7505065277
SLEEP	1585	SLEEP	schlafen::V	741	0.35685862814315	0.146010869870006	11.161395408421	0.794966775513265	163	4-61	48		60	21	59	438.326	77	76	139	145	12	62	2.01	0.1643	8				0.1001908397	0.8545801527	0.8740458015	49	0.6721054288
PADDLE	234	PADDLE	Ruder::N	288	0.470859016568936	0.094375129582256	12.1948689746094	0.795713782548898	164	10-851																			0.2816455696	0.8151898734	0.8844936709	34	0.5179552987
BUTTER	1245	BUTTER	Butter::N	356	0.354061473059277	0.105736949330574	11.1602730787833	0.797371982124984	165	5-89																			0.4866071429	0.8308035714	0.8928571429	40	0.3808291243
		ROW_(OF_OBJECTS)	Reihe::N	286	0.355075410049653	0.107081815527466	11.1913420621465	0.799566337169957	166																								
WORD	1599	WORD	Wort::N	235	0.295508623691782	0.129803416317136	10.6612054077421	0.800162779451606	167	18-26																			0.2542997543	0.8353808354	0.9373464373	44	0.5839140524
		THAW	tauen::V	701	0.355861007805921	0.103212373446244	11.2093377436847	0.800658867343145	168																								
SKY	1732	SKY	Himmel::N	56	0.397131333887581	0.101544990833831	11.5851605980183	0.80109785930301	169	1-51	128								138	144	24.2	32	2.52	0.17156	8				0.2735426009	0.9118086697	0.9065769806	46	0.6005076663
FINGER	1303	FINGER	Finger::N	30	0.405264588497397	0.119964600530775	11.6603930978559	0.801301180137928	170	4-34															7				0.0506912442	0.8267281106	0.8202764977	43	0.6437695929
HIT	1433	HIT	hauen::V	861	0.31323769023601	0.125115421003173	10.837953942981	0.80188147308569	171	9-21	72								73	76	2.6	161	5.51			0.748	36	1	0.0448979592	0.8133333333	0.9469387755	72	0.735597501
PAIN	1783	PAIN	Schmerz::N	395	0.393310293035782	0.1063814702445	11.5629939404636	0.80232013031416	172	16-31																			0.1238095238	0.8085714286	0.7833333333	59	0.5549623583
ROOT	670	ROOT	Wurzel::N	111	0.403006740877749	0.105347679176468	11.6503907143316	0.802333004643188	173	8-54	115		26	20.5	61	485.709	84	68	121	126	12.26	60	1.75	0.18715	8	0.798	9	1	0.0558823529	0.8647058824	0.9725490196	48	0.7939735396
MEASURE	1506	MEASURE	messen::V	1003	0.500935459475763	0.083055812818984	12.5357358464293	0.802731671114744	174	12-54																			0.1962025316	0.8025316456	0.8386075949	43	0.5409630374
PART	779	PART	Teil::N	257	0.309923593808947	0.112821739198659	10.8202484001328	0.80309360558523	175	13-23																			0.2436399217	0.8450097847	0.8444227006	52	0.5396972882
ASH	646	ASH	Asche::N	183	0.398362498166958	0.098175143953203	11.6212415640278	0.803597908052521	176	1-84	146		83	20.3	64	373.392	60	2	4	4	30.4	25	2.65		8	0.699	84	1	0.1470588235	0.8729411765	0.9205882353	43	0.685440057
BARKING	1206	BARKING	bellen::V	726	0.368965136719592	0.106574591230566	11.3632289509746	0.804254272049823	177																								
		FORCE	Kraft::N	391	0.308009062595718	0.119221280768316	10.8157152483436	0.804363368498214	178																								
THREAD	1161	THREAD	Faden::N	367	0.334035198603765	0.109659959160616	11.0501969549789	0.804388016754497	179	6-38																			0.2826492537	0.8585820896	0.9720149254	48	0.5986683692
LAUGH	1355	LAUGH	lachen::V	791	0.421827836791189	0.103991109375418	11.853669554406	0.805721902328528	180	16-25	33								85	89	3.24	145	1.61		5	0.723	61	1	0.0581395349	0.8372093023	0.9098837209	46	0.717474562
OR	1014	OR	oder::CNJ	676	0.176468285066105	0.099534315644163	9.6454789502042	0.805726438460925	181	17-54																			0.3917525773	0.787628866	0.9690721649	49	0.46425653
CRY	1839	CRY	weinen::V	793	0.327422443983426	0.114796848499334	11.0075269138718	0.806072491802096	182	16-37	34									222						0.698	87	1	0.1291585127	0.8681017613	0.9207436399	48	0.6960628828
CLAW	72	CLAW	Klaue::N	126	0.406834649655824	0.081426057973468	11.7226970118607	0.806118516495827	183	4-345															5				0.1164556962	0.8293670886	0.9164556962	46	0.6715627575
KILL	1417	KILL	töten::V	944	0.372352287512834	0.108063810645322	11.418009085748	0.806683849813252	184	4-76	74		62	29.2	25	447.78	79	43	82	85	26	29	3.5	0.15926	10				0.0777777778	0.8577777778	0.8323232323	48	0.6584190547
ROTTEN		SPOIL_(BECOME_SPOILED)	faulen::V	705	0.428452587588228	0.126872174858484	11.9276749062076	0.807160161791357	185	5-125	112								123	128	4.65	114	4.76						0.1574427481	0.8316793893	0.8454198473	47	0.5924173909
WASH	1453	WASH	waschen::V	969	0.325137501860733	0.120911683072489	11.032788318489	0.810655080174239	186	9-36									180	186	3.04	150	3		9				0.0982142857	0.8428571429	0.8839285714	60	0.6718533619
DAUGHTER	1357	DAUGHTER	Tochter::N	205	0.423694913043647	0.085254247896282	11.9689949077605	0.815574069036768	187	2-42																			0.1173913043	0.8643478261	0.847826087	48	0.6467903345
		CATCH_(AN_ANIMAL)	fassen::V	951	0.30840629158805	0.107009173347398	10.9358459883375	0.816018936404505	188																								
HALF	816	HALF	Hälfte::N	258	0.406604057721636	0.099823139488795	11.823965902743	0.816452938324825	189	13-24																			0.1579724409	0.869488189	0.8375984252	47	0.6132334624
KNEE	1371	KNEE	Knie::N	36	0.44396984777429	0.101174024635474	12.1609218672243	0.816519323725574	190	4-36		26	47	28	29	283.865	35	44		86					9	0.724	59	1	0.0888888889	0.8444444444	0.9222222222	45	0.7095418381
DRIVE	808	DRIVE	fahren::V	771	0.288511794833566	0.111069682600049	10.7722790903367	0.817567293683463	191	10-65																			0.3318284424	0.8002257336	0.8047404063	44	0.4302850986
BITTER	887	BITTER	bitter::A	520	0.506180121822619	0.076051570464689	12.7333326600764	0.817771156367285	192	15-37										214					8	0.755	28	1	0.0253164557	0.8670886076	0.8892405063	42	0.7515300514
BLACK	163	BLACK	schwarz::A	524	0.404041486032769	0.095764148439228	11.8179234437991	0.818155006950418	193	15-65	147		91	21.6	56	602.131	97	8	15	14	4.29	121	1.91	0.16408	9	0.741	42	1	0.0487804878	0.8670731707	0.8993902439	43	0.7417963139
LIFE	210	LIFE	Leben::N	411	0.418560970179407	0.098113189618646	11.9622698141079	0.819522108249327	194	4-741																			0.2830188679	0.819245283	0.8018867925	48	0.471014999
		GRAIN_(SINGLE)	Korn::N	176	0.392691566509305	0.090865231123164	11.7376576024687	0.820343350388494	195																								
HOME	2406	HOME	Heim::N	308	0.28031971547919	0.116797885945712	10.7290878530096	0.820621041369685	196																								
WAIT (FOR)	1590	WAIT_(FOR)	warten::V	783	0.441098742588836	0.097550199656261	12.1840717397431	0.821418305644358	197																								
PAY	718	PAY	zahlen::V	1014	0.489145430969549	0.100772871461088	12.6426505878673	0.824034170914134	198	11-65																			0.3037974684	0.8324894515	0.835443038	44	0.4842071317
DRY UP	1786	DRY_UP	trocknen::V	703	0.407114799247881	0.092178295846197	11.9059391590776	0.824190596584666	199																								
BELLY	1251	BELLY	Bauch::N	21	0.318630061169583	0.094757584115013	11.1123371223983	0.824466657187207	200	4-431	14		49	13.5	96	331.196	52	4	10	10	4.19	124	4.39		13				0.156612529	0.8807424594	0.9721577726	46	0.7221257497
		STEP	Schritt::N	294	0.334017418950975	0.106740186143146	11.2583519859035	0.82521952153447	201																								
HERE	136	HERE	hier::ADV	606	0.27427457165314	0.097096066476366	10.7391999117022	0.827072876682393	202	24-09									72	75	7.43	87	3.25						0.0192926045	0.8167202572	0.7877813505	53	0.6309841836
TIME	892	TIME	Zeit::N	449	0.313277648529529	0.136873409628817	11.0959981531419	0.827649931637617	203	14-11																			0.5394673415	0.8338153772	0.9645697759	62	0.3703940342
RAW	1959	RAW	roh::A	516	0.394122341702317	0.098610470723079	11.8510124896117	0.830391141429086	204	5-122																			0.0548128342	0.8272727273	0.8743315508	43	0.68366394
KNIFE	1352	KNIFE	Messer::N	328	0.337051685373909	0.102742264450132	11.3396079108836	0.830614274251845	205	5-38																			0.2567114094	0.8563758389	0.9093959732	40	0.5788618114
EGG	744	EGG	Ei::N	129	0.387871794443528	0.100569919746768	11.8049054980983	0.831405934810651	206	5-97	98		33	19.8	67	415.863	74	24	39	39	16.5	44	1.57		7	0.728	52	1	0.0901287554	0.8995708155	0.94527897	44	0.7737048037
BOIL (OF LIQUID)	792	BOIL_(OF_LIQUID)	sieden::V	704	0.371632295204885	0.104013364464279	11.658782038648	0.8314091381804	207																								
STAND	1442	STAND	stehen::V	677	0.436718804055373	0.104153477175311	12.2494399036336	0.831897066713527	208	12-15	52		69	17.1	78	456.98	80	79	151	157	8.89	78	2.02	0.22644	8	0.738	45	1	0.0190920662	0.8366567671	0.8886296139	44	0.7292834491
THERE	1937	THERE	dort::ADV	609	0.274470593565386	0.115356007007643	10.7953382536591	0.832510291157065	209	24-1									162	168	1.56	189	2.94	0.17657					0.0185185185	0.8324074074	0.7962962963	57	0.6505680664
BE ABLE	972	BE_ABLE	können::V	813	0.35369919076788	0.11688424893861	11.5268690025659	0.834357628565495	210	24-99902																							
COLD	1287	COLD	kalt::A	504	0.390452831541187	0.107603736614271	11.8578055774889	0.834373009361821	211	15-86	139		94	16.6	81	598.111	96	15	23	23	1.74	183	3.58		9				0.0994897959	0.8704081633	0.8775510204	51	0.6878345226
MIDDLE	1093	MIDDLE	Mitte::N	269	0.412829759487267	0.098675464828757	12.0603862666046	0.834491843121921	212	12-37																			0.1544117647	0.8577205882	0.8676470588	49	0.6292857041
COVER	761	COVER	bedecken::V	827	0.405276289332382	0.099924133258705	12.0030161751954	0.835552957120394	213	12-26																			0.0912828947	0.8514802632	0.8519736842	44	0.6592186253
		FRINGE	Rand::N	272	0.24529789369411	0.122814179048269	10.5696307545507	0.836194971130372	214																								
SIT DOWN	1649	SIT_DOWN	sich setzen::V	755	0.417869790513506	0.088032523747396	12.1408812304133	0.838005311579177	215																								
		DRIVE_(CATTLE)	treiben::V	953	0.384966234756818	0.103140705857924	11.8492800219495	0.838458390913818	216																								
FEATHER	1201	FEATHER	Feder::N	123	0.365924447719466	0.11636823659372	11.6818995645735	0.838857953509831	217	4-393	99		36	23.1	49	315.486	46	27	46	46	13.87	53	2.35	0.23055	10				0.109739369	0.8623685414	0.8765432099	45	0.6729509394
POUR	1487	POUR	schütten::V	870	0.324038827349742	0.130418444407287	11.305542619075	0.838919317292732	218	9-35																			0.1306451613	0.8641935484	0.9274193548	57	0.6967616688
COUNTRY	1300	COUNTRY	Land::N	430	0.344818438681216	0.107137081459454	11.5043307396328	0.840096479150183	219	19-11																			0.4800884956	0.8330693992	0.911970191	41	0.3949946856
BITE	1403	BITE	beißen::V	854	0.415419724289434	0.118808765463362	12.1429947636702	0.840421724506534	220	4-58	41		56	20.5	63	411.407	72	7	14	13	11.08	64	4.67		8	0.736	46	1	0.0358361775	0.9017064846	0.8873720137	54	0.7714748139
GOOSE	1187	GOOSE	Gans::N	152	0.31780643534623	0.096091373955132	11.2651788969124	0.840492097879632	221	3-56																			0.4726027397	0.8835616438	0.9452054795	37	0.4404544017
GROUND	2159	GROUND	Boden::N	65	0.235234194540804	0.117055878556693	10.5300730033235	0.841296525245625	222																								
OLD		OLD_(USED)	alt::A	563	0.343181845429359	0.12218563093863	11.5039628826	0.841532627373576	223	14-15	162								108	113	3.37	142	2.53		10	0.715	74	1	0.1039156627	0.8418674699	0.9201807229	64	0.6941698481
BARK	1204	BARK	Rinde::N	114	0.382196072938197	0.098197567849182	11.8603779966887	0.842061334024494	224	8-75			27	24.5	40	216.259	13	3	8	8	12.51	58	3.79	0.17502	11				0.1609657948	0.8056338028	0.8732394366	49	0.5902699674
BROTHER	1262	BROTHER	Bruder::N	206	0.379283302927637	0.089280633572682	11.8460842918086	0.843253456545989	225	2-44															7				0.063270832	0.8729418394	0.8088962624	48	0.6614426298
SONG	1096	SONG	Lied::N	241	0.340120564641484	0.104957468401457	11.493735386675	0.843265030490164	226	23-64																			0.2236842105	0.8545112782	0.8759398496	48	0.5810727415
VEIN	1924	VEIN	Ader::N	42	0.401599113279802	0.094571624538769	12.054912096033	0.844052007651482	227	4-151																			0.2626970228	0.8197898424	0.7885288967	54	0.4766132742
WIDE	1243	WIDE	breit::A	485	0.421099901925331	0.12101896926398	12.2462647811565	0.845636566382854	228	12-61	159								189	195	4.38	117	2.89			0.692	96	1	0.045	0.835	0.885	52	0.705721125
SING	1261	SING	singen::V	922	0.370005388328519	0.114842085143071	11.7864445445922	0.845639604963557	229	18-12									135	141	5.26	106	2.54	0.19434	10				0.0564202335	0.8354085603	0.8073929961	45	0.6364474026
		TIP_(OF_OBJECT)	Spitze::N	275	0.282233169079557	0.112955154343889	11.0014082944096	0.846130977269358	230																								
LIGHT (RADIATION)	630	LIGHT_(RADIATION)	Licht::N	71	0.318822606547517	0.118969694881926	11.3328411631458	0.846343770421818	231	1-61																			0.208632835	0.8882978723	0.8867883841	49	0.6233854255
BREAD	1368	BREAD	Brot::N	353	0.307926518542556	0.120561720322635	11.2416548496159	0.847031618273292	232	5-51																			0.4787472036	0.870917226	0.8881431767	46	0.4031886167
BERRY	904	BERRY	Beere::N	171	0.47687814044425	0.083052191837842	12.7686634475522	0.847676018355396	233	5-8																							
FINGERNAIL	1258	FINGERNAIL	Fingernagel::N	31	0.451989685269781	0.095738768711637	12.5448462794468	0.847693911201881	234	4-344			45	20.5	62	323.965	50	13		49					5				0.076	0.8528	0.872	42	0.6871248384
		HITHER	hierhin::ADV	607	0.392145460952494	0.103105543618479	12.009043124792	0.847973397621955	235																								
		LIVING	lebendig::A	557	0.479298988015541	0.077719470678492	12.7951175216684	0.848142662952855	236																								
BIG	1202	BIG	groß::A	481	0.309423136649708	0.110827668390662	11.2706043373074	0.848579610746007	237	12-55	153		13	13.4	97	467.197	83	5	12	11	3.12	148	3.41		12	0.753	32	1	0.1108695652	0.88	0.9804347826	45	0.767126276
BE BORN	1090	BE_BORN	geboren werden::V	734	0.432863703201624	0.106396950073147	12.3882517120044	0.849247838318981	238	4-72															7				0.1747126437	0.8574712644	0.7620689655	44	0.5392858711
BAKE	183	BAKE	backen::V	962	0.365315068320739	0.087502171838878	11.7835825927198	0.849574697783316	239	5-24																			0.1578947368	0.8397660819	0.8771929825	39	0.6203258223
		WATER_(A_PLANT)	gießen::V	958	0.380058219695781	0.118353708330802	11.9166514684099	0.849612749114787	240																								
GOD	1944	GOD	Gott::N	416	0.376890445234438	0.119797514502559	11.8908989679491	0.849888496083918	241	22-12																			0.3658536585	0.8714285714	0.9059233449	50	0.5006252352
GOLD	1369	GOLD	Gold::N	186	0.387411500663686	0.095783623338722	11.9904412503661	0.850373774439291	242	9-64																			0.574742268	0.8494845361	0.9381443299	50	0.3389045145
SISTER	1263	SISTER	Schwester::N	207	0.378289311069479	0.104828172179698	11.9250732874701	0.852046948784476	243	2-45																			0.1175146039	0.8091277949	0.8148254726	48	0.5818208019
COUNT		COUNT	zählen::V	1004	0.369602287561154	0.113597444997759	11.8544877582965	0.852806717024608	244	13-107	196								25	25	5.9	100	4.07	0.16173					0.2297297297	0.8351351351	0.8513513514	41	0.5476570983
KIND (THING)	844	KIND_(THING)	Art::N	255	0.282188671440312	0.116858787557887	11.0722828945131	0.853258485155031	245																								
WANT	1784	WANT	wollen::V	814	0.328118084444329	0.133804827107751	11.4869488987246	0.85338861387256	246	16-62																			0.1237942122	0.8302250804	0.8311897106	62	0.6046473097
COMB (VERB)	2070	COMB_(VERB)	kämmen::V	979	0.450002702450768	0.097057336535547	12.5855800148793	0.853555569282237	247																								
SPIRIT	53	SPIRIT	Geist::N	218	0.309222233189465	0.126611135888612	11.324758282118	0.854175818341278	248	16-11																			0.3996710526	0.8924342105	0.9358552632	57	0.5013882851
LIVER	1224	LIVER	Leber::N	48	0.365489451828668	0.097303396986293	11.83476838343	0.854536331697198	249	4-45	17	34	53	35.7	7	289.086	36	48	91	95	33.5	22	2.66	0.17205	8	0.72	66	1	0.1305555556	0.8955555556	0.9666666667	46	0.7526812757
SEED	714	SEED	Saat::N	175	0.419282492273916	0.089993508526386	12.3217086919781	0.854816626151285	250	8-311			24	18.2	74	291.34	37	73	131	137	6.55	93	2.56	0.16299	9				0.1988071571	0.8825049702	0.916500994	49	0.6480181372
SHUT	1046	SHUT	schließen::V	821	0.353802104302343	0.095975919273555	11.742728375176	0.855850943645491	251	12-25																			0.1780956113	0.8373040752	0.8530564263	48	0.5870596934
ACHE	1815	ACHE	schmerzen::V	747	0.392686249462958	0.108246241765116	12.0945081274476	0.856033188228099	252																								
		DECAY	verfaulen::V	706	0.470668641288537	0.113229073831148	12.8046984199591	0.85686806483623	253																								
SHOOT	1172	SHOOT	schießen::V	931	0.396794777991319	0.110399223848277	12.1712456602125	0.860009265829063	254	20-62	70																		0.0927750411	0.8139573071	0.8054187192	58	0.5947553195
FAT (ORGANIC SUBSTANCE)	323	FAT_(ORGANIC_SUBSTANCE)	Fett::N	355	0.26791713989572	0.114392795292632	11.0117551125312	0.860050085346976	255	5-791	104		32	23.4	45	406.988	70	26	43	43	6.54	94	4.89		10				0.1804347826	0.8795652174	0.9217391304	46	0.6644458453
BOAT	1844	BOAT	Boot::N	287	0.376826602031075	0.10451842543426	11.9986107516515	0.860717133337186	256	10-83																			0.5352941176	0.8452941176	0.9529411765	50	0.3743278241
BIRCH	1855	BIRCH	Birke::N	118	0.449097504248861	0.095888955913205	12.6560435049554	0.86141659667156	257	8-63																			0.1879194631	0.8026845638	0.9194630872	20	0.599346967
BREAK (DESTROY OR GET DESTROYED)	680	BREAK_(DESTROY_OR_GET_DESTROYED)	brechen::V	859	0.378074750971187	0.118593747869937	12.0312586113511	0.862858585261046	258	9-26																			0.0656934307	0.8437956204	0.8184306569	52	0.6452210957
		CAUSE_TO_SIT	setzen::V	823	0.409922112421415	0.125553158473774	12.3250439115093	0.863574489971658	259																								
CLAY	1399	CLAY	Lehm::N	190	0.411509858826597	0.106585116652782	12.3542867780911	0.865069804865169	260	9-73																			0.0991189427	0.8383259912	0.8744493392	42	0.660412128
RISE (MOVE UPWARDS)	568	RISE_(MOVE_UPWARDS)	aufgehen[Sonne]::V	686	0.356743883100939	0.096332642434157	11.8723314183239	0.866163647041548	261																								
NECK	1333	NECK	Hals::N	17	0.257673580022069	0.129379569040825	11.0057211059647	0.868665888576603	262	4-28	25		50	16	83	399.049	68	58	103	108	7	90	3.57		13	0.76	23	1	0.105	0.8476	0.964	47	0.731292328
BELIEVE	1890	BELIEVE	glauben::V	994	0.463025887160745	0.081287411202351	12.8600062332607	0.869277324881398	263	17-15																			0.3698979592	0.8303571429	0.8903061224	43	0.4658168262
BOARD	1227	BOARD	Brett::N	300	0.382620851956744	0.111345336400525	12.1422886213328	0.869870095372207	264	7-57																			0.375	0.7633027523	0.9174311927	39	0.4376735965
WORK (LABOUR)	984	WORK_(LABOUR)	Arbeit::N	245	0.32225171321749	0.103570245537425	11.6039121277	0.870364670874258	265	9-12	83														13				0.3619744059	0.8491773309	0.9122486289	48	0.4942534528
ALREADY	2576	ALREADY	schon::ADV	627	0.322705439207191	0.08754325686635	11.6081923217496	0.870384336888487	266																								
TASTE	2190	TASTE	Geschmack::N	52	0.338093926597451	0.104543032947396	11.7538874581406	0.871104211876357	267	15-31																			0.2387755102	0.7759183673	0.7367346939	43	0.4351509201
WOUND	1109	WOUND	Wunde::N	396	0.289092903964461	0.13998333566186	11.321194350927	0.87193582152469	268	4-85																			0.1522491349	0.8076124567	0.875432526	52	0.5993685197
HARD	1884	HARD	hart::A	494	0.396850887437766	0.10514286303857	12.3003183631301	0.872866037619019	269	15-74										215						0.69	99	1	0.0822942643	0.8596009975	0.9027431421	43	0.7121386464
		HERD_(CATTLE)	hüten::V	952	0.448973818812886	0.09936415147161	12.772727729292	0.873196335997606	270																								
CLOUD	1489	CLOUD	Wolke::N	75	0.36150940544572	0.1095710557338	12.0018609727034	0.874827632369193	271	1-73	131		80	13.9	94	493.499	86	14	22	22	2.68	158	3.25		9				0.1647058824	0.8929411765	0.9411764706	45	0.7019938938
SHEEP	1331	SHEEP	Schaf::N	137	0.34377486335448	0.11503226898725	11.8454849745163	0.875151120432603	272	3-25																			0.425897825	0.898533131	0.9620637329	42	0.4962804081
ARRIVE	1387	ARRIVE	ankommen::V	780	0.337800958036485	0.114525610142651	11.79429392172	0.875408529939163	273	10-55																			0.1684867395	0.8414976599	0.8369734789	61	0.5856441222
		GUIDE_(TO_DESTINATION)	führen::V	909	0.414191238715266	0.096737834154039	12.4885040718846	0.876078292344716	274																								
RUB	1449	RUB	reiben::V	863	0.390555708652661	0.106220491735747	12.2841035870674	0.876910220919349	275	9-31									124	130	2.77	157	3.57						0.1675257732	0.8670103093	0.8943298969	54	0.6454948884
MOUSE	1491	MOUSE	Maus::N	146	0.397472323720292	0.11127155211183	12.3474629886473	0.877021207516464	276	3-63	102														9				0.1771653543	0.8157480315	0.9291338583	64	0.6236585639
BLOW (WITH MOUTH)	176	BLOW_(WITH_MOUTH)	blasen::V	728	0.314766016871854	0.095132081020806	11.6041393551441	0.877124520329745	277																								
		PAY_FOR	bezahlen::V	1013	0.438958552537794	0.123851721093624	12.7318613879513	0.878123441511116	278																								
AGE	1789	AGE	Alter::N	447	0.279140671109248	0.12900512010611	11.2959214430009	0.878365540301767	279	14-12																			0.4520547945	0.8232876712	0.8732876712	41	0.3939545058
ROPE		STRING	Schnur::N	385	0.338607584441548	0.117665208885986	11.8334342770918	0.878596601711787	280	9-19	65								122	127	8.81	79	6.09			0.694	91	1	0.1518650089	0.8655417407	0.993339254	52	0.729206608
FLY (INSECT)	1504	FLY_(INSECT)	Fliege::N	169	0.391232894277071	0.100056034505915	12.3135196926252	0.879242364413159	281	3-83										210					4	0.766	20	1	0.0519230769	0.8661538462	0.9423076923	44	0.7738046768
BULL	1008	BULL	Bulle::N	135	0.33038355607074	0.141904487813286	11.7679398198855	0.879448781524879	282	3-21																			0.3089171975	0.850955414	0.8375796178	44	0.4925643681
BEARD	678	BEARD	Bart::N	13	0.404657189762849	0.093482877391461	12.4377091589541	0.879579445108848	283	4-142																			0.1685393258	0.8269662921	0.9269662921	45	0.6373727072
FIND	719	FIND	finden::V	786	0.316481391750728	0.112855223504615	11.6522603674235	0.880392784166698	284	11-32																			0.0859303391	0.8244729606	0.8728230981	48	0.6577819353
WAR	935	WAR	Krieg::N	435	0.352948999032169	0.108886856102939	11.9825796828929	0.880603869160334	285	20-13																			0.3412052117	0.7938110749	0.8827361564	60	0.4616344636
PIG	1337	PIG	Schwein::N	138	0.363098610797701	0.103847541527273	12.0813038910582	0.881341639387887	286	3-35																			0.3031358885	0.8494773519	0.9006968641	51	0.5331857749
BIRD	937	BIRD	Vogel::N	148	0.38326314854268	0.122472026822145	12.2641492315215	0.881478089463737	287	3-581	97		20	21.8	52	314.281	45	6	13	12	19.7	38	2.15		11	0.694	91	1	0.1581818182	0.8047272727	0.9618181818	48	0.6515683859
FILL	2006	FILL	füllen::V	871	0.462545416680864	0.099840803424608	12.9782148561045	0.881530610597676	288	13-99907																							
WOLF	522	WOLF	Wolf::N	147	0.376428542676909	0.118409815089804	12.2066026000126	0.881874571592042	289	3-71																			0.2708333333	0.8583333333	0.8819444444	36	0.5519808546
WAVE	978	WAVE	Welle::N	62	0.31567842663928	0.094156170056432	11.6607502131512	0.881964437339766	290	1-35																			0.1335227273	0.8147727273	0.8806818182	46	0.6217455559
SHORE	113	SHORE	Ufer::N	103	0.29450800636652	0.094348620842373	11.474780458785	0.882420840148631	291	1-27																			0.1532738095	0.8351190476	0.7589285714	59	0.5366514235
FOREST	420	FOREST	Wald::N	93	0.283495469136029	0.133877487828013	11.3771566359115	0.882569741368727	292	1-41	127								196	202	1.68	185	4.15						0.1646884273	0.8637982196	0.9421364985	59	0.6797897809
BEAR	1820	BEAR	Bär::N	141	0.332720250094706	0.111167967184771	11.8219209864878	0.882743873563547	293	3-73																			0.3548387097	0.8483870968	0.9838709677	32	0.5385183445
CORNER	192	CORNER	Winkel::N	278	0.307125866447847	0.119471494110618	11.605627759176	0.884149496114541	294	12-76																			0.1967905405	0.8179054054	0.9594594595	52	0.6303162765
STICK	1295	STICK	Stock::N	304	0.283532869100789	0.127313707026408	11.3996810112304	0.884788518932329	295	1-431X	79								153	159	13.04	57	8.02										
CALL	1084	CALL	rufen::V	990	0.320107405312478	0.125411229627612	11.7327036441492	0.885173699633689	296	18-41																			0.1096698113	0.8198113208	0.8195754717	46	0.5982104053
SWIM	1439	SWIM	schwimmen::V	768	0.329802965271515	0.131500877454445	11.8292133511805	0.886098666373687	297	10-35	9		63	13.6	95	408.921	71	83	159	165	5.96	99	2.73		9				0.1033464567	0.8334645669	0.8257874016	46	0.6171348377
PIT (POTHOLE)	2539	PIT_(POTHOLE)	Grube::N	179	0.257139262052617	0.132674388213569	11.180033490248	0.886578013177441	298																								
		SACK	Sack::N	343	0.273332967428149	0.09782368399651	11.3331733348259	0.887317662797252	299																								
SPEAK	1623	SPEAK	sprechen::V	982	0.319370043687412	0.113721949875609	11.7526330978532	0.887830270466651	300	18-21																			0.0925373134	0.8056716418	0.7649253731	62	0.5592499077
RUN	1519	RUN	rennen::V	763	0.375592912399464	0.124448883747574	12.2667872110561	0.888645099946092	301	10-46										218						0.704	81	1	0.0241935484	0.852016129	0.8669354839	47	0.7207726196
WILLOW	818	WILLOW	Weide[Baum]::N	120	0.40493963738947	0.099731993185543	12.5333063937256	0.888884965722041	302	8-99957																							
WALK	1443	WALK	laufen::V	757	0.329406084426783	0.105469108256956	11.8599240683159	0.889526930847483	303	10-45	5		65	14.4	89	348.355	54	92	178	184	3.65	137	5.14		11				0.0882352941	0.8129032258	0.8187855787	50	0.6068646054
		SO_(IN_THIS_WAY)	so::ADV	624	0.277062214598668	0.10913860847437	11.4057174796308	0.891215754824276	304																								
REMAIN	987	REMAIN	bleiben::V	782	0.260089875054129	0.131237211773734	11.2835023370444	0.894269346155728	305	12-16																			0.1355932203	0.8444444444	0.9152542373	51	0.6680838839
HOLE	1667	HOLE	Loch::N	277	0.265799794067479	0.113798712110727	11.3359341491333	0.894373600252602	306	12-85																			0.1024590164	0.82	0.9360655738	58	0.688928917
		CORNER_(OUTSIDE)	Ecke::N	274	0.268402066199997	0.103015327639994	11.359883683421	0.8944265087621	307																								
		KNIT	stricken::V	965	0.354796945199415	0.129640430406232	12.1426645293583	0.89494920225636	308																								
HOT	1286	HOT	heiß::A	502	0.303202715470053	0.104192312956272	11.6801728543797	0.895134841514918	309	15-85																			0.0858938547	0.8474860335	0.8491620112	47	0.6578391792
BELOW OR UNDER	1485	BELOW_OR_UNDER	unter::PRP	632	0.278463860063929	0.126319890897776	11.4607663210369	0.895459158046156	310	12-07	176																		0.0344086022	0.7883870968	0.8064516129	48	0.6139191926
HUNGER	1864	HUNGER	Hunger::N	50	0.40982138023893	0.123293572953424	12.6444390282474	0.8956046606097	311																								
		LAIR	Bau::N	131	0.245048496680594	0.124804385186217	11.163649811742	0.895821334161667	312																								
ROAD	667	ROAD	Straße::N	404	0.238012894075371	0.113303516200858	11.1100200676661	0.896790402098779	313	10-71	6							67	120	125	23	33	4.86		10				0.3116591928	0.8748878924	0.9417040359	50	0.567113982
BACK	1291	BACK	Rücken::N	20	0.279988954588039	0.113816371324272	11.4914899408202	0.897158934952782	314	4-19	13								6	6	3.01	151	4.29		11	0.736	46	1	0.081920904	0.8570621469	0.9237288136	48	0.7268367939
		SLEEVE	Ärmel::N	374	0.37955487165874	0.105710009890513	12.3918483355536	0.897585449062497	315																								
SWEEP	230	SWEEP_(SOMETHING)	kehren::V	973	0.320097980857869	0.104613286812301	11.8672071146131	0.898632528689226	316	9-37																			0.1325301205	0.8228915663	0.8734939759	44	0.6235293912
END (OF TIME)	743	END_(OF_TIME)	Schluss::N	448	0.314731503823214	0.124171075896791	11.8255176389612	0.899293410455223	317	14-26																			0.1319345661	0.8369369369	0.7380275012	47	0.5361888067
BLOW (OF WIND)	175	BLOW_(OF_WIND)	wehen::V	690	0.292139882836666	0.114847401830117	11.6256816179743	0.899642267244434	318	10-38	137								17	16	4.91	109	4.31			0.706	79	0.976	0.0377906977	0.8139534884	0.8779069767	46	0.6875711415
NINE	1483	NINE	neun::NUM	661	0.496944111173215	0.077614787930166	13.47610902198	0.900361202142106	319	13-09	205														6				0.2897727273	0.8613636364	0.9659090909	44	0.5909083572
BREAST	1402	BREAST	Busen::N	23	0.286625433964274	0.114168905521282	11.5881519562027	0.90085230505242	320	4-41	18	9	51	30.7	16	166.545	5	11		18					11	0.783	12	1	0.0533175355	0.8909952607	0.9668246446	47	0.8155065222
THICK	1244	THICK	dick[Gegenstand]::A	488	0.33899140941317	0.116060173830146	12.0661186703707	0.901519598565216	321	12-63	157								164	170	4.19	126	5.41			0.712	76	1	0.0495049505	0.8633663366	0.9059405941	52	0.7434378885
EIGHT	1705	EIGHT	acht::NUM	660	0.432989914044439	0.092251164224244	12.9175201960155	0.90206109696155	322	13-08	204														5				0.2558139535	0.8488372093	0.9534883721	43	0.6023117461
FLEE	956	FLEE	fliehen::V	798	0.398994910840016	0.107151109004772	12.6151341084078	0.902417991084768	323	10-51																			0.125	0.8205128205	0.8322649573	48	0.5975235591
		FLAVOR	Geruch::N	53	0.177303278020431	0.117726612937455	10.619911167316	0.902418166513208	324																								
THIN (OF SHAPE OF OBJECT)	2249	THIN (OF SHAPE OF OBJECT)	dünn::A	489	0.417336265415275	0.110917095250729	12.7873007418385	0.903127435310105	325	12-65	156								165	171	20.6	37	2.99	0.16156	11				0.1263157895	0.8873684211	0.8973684211	53	0.6957115906
PLAY	1413	PLAY	spielen::V	921	0.345879186581386	0.119958551646074	12.1463443076629	0.903343162843042	326	16-26									112	117	0.72	196	3.18						0.0426829268	0.8268292683	0.8536585366	42	0.6757029788
FIR	1915	FIR	Tanne::N	121	0.360372088074107	0.109241555647488	12.2776375451066	0.903428875243964	327	8-65																			0.3157894737	0.9383458647	0.954887218	19	0.6130625337
STING	571	STING	stechen::V	936	0.34131666689841	0.119231515377865	12.1109987376508	0.903914873556512	328																								
		WISH_(SOMEONE_SOMETHING)	wünschen::V	902	0.37195841353078	0.108334539414693	12.390702361184	0.904307663940697	329																								
		MUSH	Brei::N	352	0.298760744052986	0.118337293360461	11.7382859003209	0.904943920384399	330																								
CLAW	72	PAW	Kralle::N	127	0.296936377286667	0.12300964764336	11.7269903291161	0.90545629335361	331	4-345															5				0.1164556962	0.8293670886	0.9164556962	46	0.6715627575
HARE	1190	HARE	Hase::N	145	0.416154119702853	0.123369701401283	12.8004486030811	0.90550615257554	332	3-863																			0.1416666667	0.8033333333	0.8458333333	39	0.5832255787
PASS	1951	PASS	vergehen::V	709	0.316684904840096	0.132138280541451	11.9093290812061	0.905916493764522	333	10-99906																							
BODY	1480	BODY	Körper::N	39	0.264572764636423	0.114956094556093	11.4408934468236	0.905973856509581	334	4-11																			0.1878354204	0.8483005367	0.9355992844	51	0.6445901544
PINE	1740	PINE	Kiefer[Baum]::N	119	0.397000729046075	0.106613948150959	12.634978880471	0.906197231905635	335	8-64																			0.4147465438	0.8036866359	0.8801843318	31	0.414003838
NAVEL	1838	NAVEL	Nabel::N	22	0.415111775920883	0.109423636843503	12.802243604399	0.906623762111102	336	4-43										209					8	0.741	42	1	0.1224489796	0.9228571429	0.9816326531	42	0.7949793538
FUR	580	FUR	Fell::N	124	0.234315221893276	0.095899482187351	11.1771802089648	0.906834321192531	337	6-28																			0.2932193036	0.8613317043	0.9022602321	40	0.5492713271
DRAG	2030	DRAG	schleppen::V	874	0.392062073529007	0.096958031886301	12.5972221909778	0.906866352921671	338																								
STRONG	785	STRONG	stark::A	538	0.428748954125813	0.103740494208097	12.9316183925904	0.907287780545805	339	4-81																			0.2752293578	0.8203669725	0.8678899083	52	0.5160281569
LINE	1048	LINE	Linie::N	261	0.319450151507115	0.092143618342941	11.9490443967235	0.907399303315944	340	12-84																			0.4712643678	0.8593869732	0.9885057471	48	0.4491656581
LISTEN	1608	LISTEN	zuhören::V	804	0.488658430453973	0.087748424468221	13.4771676813388	0.907924180725303	341	15-42																			0.0333509794	0.8581259926	0.7824245633	42	0.6490263786
		POLE	Stange::N	303	0.290077762762246	0.108788570610148	11.6940187008944	0.908331883603423	342																								
CHILD (YOUNG HUMAN)	1304	CHILD_(YOUNG_HUMAN)	Kind::N	195	0.340529214126557	0.106413987341408	12.1514727606953	0.908670983355633	343	2-27	56								21	21	4.83	112	6.31		11	0.73	51	0.976	0.1546997389	0.8485639687	0.8929503916	51	0.6405055868
LOOK FOR	1468	LOOK_FOR	suchen::V	785	0.317478829924924	0.12133065571151	11.956977913319	0.909966844399465	344	11-31																			0.0836614173	0.8523622047	0.8838582677	46	0.6903395988
GAME	2467	GAME	Spiel::N	248	0.336332755696509	0.133377289761109	12.1281467712306	0.9101151969962	345																								
TEACH	709	TEACH	lehren::V	910	0.400678416219485	0.119229380399539	12.7138008872395	0.910769514126414	346	17-25																			0.1025145068	0.8442940039	0.7669245648	51	0.5811306625
RED	156	RED	rot::A	526	0.411285295597237	0.098860505678157	12.8108563337237	0.910928867334855	347	15-66	149		87	20.2	65	490.751	85	66	116	121	4.88	110	2.26	0.17815	8	0.721	64	1	0.0735294118	0.8482352941	0.9	43	0.7072785467
OTHER	197	OTHER	anderer::A	578	0.250975056631123	0.116238848799295	11.3689728074772	0.911019729779705	348	24-11	190								110	115	3.26	144	2.66		7				0.0864197531	0.8049382716	0.9012345679	44	0.6627460057
		BE_AFRAID	sich fürchten::V	796	0.458053359785377	0.077695840668758	13.2346627121496	0.911218247408119	349																								
YOUNG	1207	YOUNG	jung::A	567	0.38645168151236	0.105470732876601	12.6029166983739	0.912485156476271	350	14-14																			0.1627906977	0.8313953488	0.871124031	51	0.6063475543
LEARN	504	LEARN	lernen::V	999	0.415591878129275	0.106045564325918	12.8693359520731	0.912900904890963	351	17-24																			0.2596371882	0.8201814059	0.8458049887	50	0.5135996957
SHOVEL	1901	SHOVEL	Schaufel::N	325	0.386133605017252	0.09168009530262	12.6127160127716	0.913751356761628	352	8-24																			0.6107594937	0.746835443	0.9683544304	45	0.281499283
ASK (REQUEST)	1828	ASK_(REQUEST)	bitten::V	986	0.299415835822447	0.135698432254121	11.8385779690127	0.914383544661066	353	18-35																			0.0913043478	0.8447826087	0.8826086957	46	0.6775348155
		STRAP	Riemen::N	384	0.305708732750045	0.114606378010056	11.9009392863222	0.914956069157181	354																								
CHARCOAL	1188	CHARCOAL	Kohle::N	188	0.406300680112353	0.106579862859021	12.8088631701667	0.915215704915549	355	1-89																			0.2588235294	0.8788235294	0.8794117647	46	0.5728165683
TEA	1373	TEA	Tee::N	362	0.063405738923513	0.104420014808304	9.7266632322	0.915601158188838	356	23-9																			0.8253012048	0.8108433735	0.9578313253	42	0.135680026
RIGHT	1019	RIGHT	rechter::A	577	0.412305516491493	0.101474901286729	12.8711145447551	0.916036489633164	357	12-41	3								118	122	14.37	50	2.61	0.1689	7				0.0362903226	0.8423387097	0.872983871	43	0.7086620874
RAISE	1317	RAISE	heben::V	846	0.339119006711142	0.122074186646062	12.2163751114038	0.916430405100356	358																								
CROSS	1367	CROSS	Kreuz::N	260	0.35998274152313	0.07522676359569	12.409689731419	0.916984505771087	359	12-77																			0.5	0.78	0.86875	40	0.3388125
COUGH	879	COUGH	husten::V	748	0.518150585488594	0.089183942187421	13.8404773030714	0.917712203367408	360	4-53																			0.0555555556	0.8395061728	0.8518518519	41	0.675405172
CAT	1208	CAT	Katze::N	140	0.244199497323013	0.078462647602258	11.3769462096602	0.917915073375306	361	3-62																			0.3441860465	0.8027906977	0.9441860465	55	0.4970963362
BLIND	1653	BLIND	blind::A	535	0.435306760085697	0.109398802673185	13.101334465924	0.918357362515269	362	4-97																			0.1098901099	0.8340659341	0.8571428571	46	0.6363517174
EDGE	863	EDGE	Kante::N	273	0.274795521743568	0.124456973371008	11.6594274705464	0.918626777485428	363	12-353																			0.1285140562	0.8843373494	0.9638554217	53	0.7428313923
MAN	1554	MAN	Mann::N	193	0.300081602270415	0.103697601888551	11.8984501441281	0.919771572369441	364	2-21	54		17	16.7	80	380.891	62	51	94	98	10.57	68	3.38	0.17801	10				0.096287703	0.8863109049	0.8805104408	52	0.7052625039
		STICK_(SOMETHING)	stecken::V	858	0.338260975424174	0.125085409177444	12.246993908522	0.920264512970446	365																								
		LOSE_(SOMETHING)	verlieren::V	832	0.330779406503765	0.120510656384676	12.1849423436784	0.920792768514451	366																								
SHARPEN (SOMETHING)	251	SHARPEN (SOMETHING)	schleifen::V	865	0.377626006003538	0.104028310448882	12.6167108867769	0.921807683274508	367																								
STEAL	713	STEAL	stehlen::V	938	0.38329946305667	0.14341277627809	12.6770449339387	0.922734976642871	368	21-51	73																		0.1306376361	0.8483670295	0.8646967341	56	0.6377470166
		COVER_(A_CHILD)	zudecken::V	906	0.358423105521669	0.113519704256018	12.4571824055992	0.923137445590413	369																								
KETTLE	854	KETTLE	Kessel::N	346	0.40884914110695	0.083191760231343	12.9139300389128	0.923428776895027	370	5-27																			0.6780383795	0.8439232409	0.9232409382	43	0.2508546209
LEAVE	1752	LEAVE	weggehen::V	774	0.363694242086186	0.10858795712922	12.5106828298951	0.923743465111944	371	10-49																			0.1358802678	0.8196140213	0.7991335171	54	0.565982037
DWELL (LIVE. RESIDE)	363	DWELL_(LIVE,_RESIDE)	wohnen::V	945	0.297719754105027	0.111019295438687	11.9179426190892	0.923846483214392	372	7-11																			0.1469849246	0.8927135678	0.8605527638	47	0.6553093216
KNOT	760	KNOT	Knoten::N	369	0.362181706717821	0.110540483259439	12.499320151194	0.923968479073357	373	9-192																			0.1055555556	0.7933333333	0.9277777778	47	0.6583442387
BEAT	1665	BEAT	schlagen::V	934	0.276436817168413	0.104695321607759	11.733565000034	0.924563364551829	374																								
		HEAR_(INFORMATION)	vernehmen::V	810	0.330075440878577	0.112156799040972	12.2169612606634	0.924628229275619	375																								
PRESS	1913	PRESS	drücken::V	850	0.400041161736442	0.113685724751587	12.8513949383472	0.925102448271922	376	9-342																			0.200203252	0.8239837398	0.8617886179	47	0.5679355174
SOUR	1906	SOUR	sauer::A	521	0.45186544334504	0.100019456688911	13.3185674051917	0.92517784150863	377	15-38																			0.0631868132	0.8131868132	0.8873626374	49	0.6759965219
SHOW	1039	SHOW	zeigen::V	908	0.411692214141387	0.109596404318173	12.958255780095	0.925302585282247	378	15-55																			0.0612244898	0.807606679	0.7244897959	49	0.5492801778
LIE DOWN		LIE_(REST)	liegen::V	679	0.388157794083925	0.122277250920456	12.7498535354147	0.925643338865933	379	12-14	49		67	11.2	99	619.404	98	47	89	93	2.6	162	3.56	0.16763	9				0.01875	0.8553571429	0.8392857143	51	0.7044286113
LIP	478	LIP	Lippe::N	7	0.30572274194026	0.126289936595548	12.0081692888211	0.925666461135876	380	4-25																			0.0821052632	0.8648421053	0.8578947368	43	0.6810260248
BEND	2004	BEND	beugen::V	841	0.38778269600595	0.109294686234772	12.7489135964591	0.92588693324055	381	9-14																			0.125	0.7990384615	0.8461538462	60	0.591595784
BELT	772	BELT	Gürtel::N	376	0.319098844156174	0.111747909087935	12.134499081632	0.92626094842264	382	6-57																			0.298013245	0.8162251656	0.8509933775	52	0.4876015517
		STOP_(OF_ACTIVITY)	aufhören::V	817	0.328597890616974	0.118410255429475	12.2205841741706	0.926320315861782	383																								
OLD (AGED)	2112	OLD_(AGED)	alt[Lebewesen]::A	566	0.318732798383281	0.118195894955858	12.1327623834031	0.92641671979536	384																								
TAIL	1220	TAIL	Schwanz::N	128	0.252800954680091	0.112961173232915	11.5415268886118	0.926631829649094	385	4-18	105		35	14.9	86	358.716	57	84	160	166	10.52	69	4.16		10	0.699	84	1	0.1170212766	0.8712765957	0.9734042553	48	0.7488580926
FRY	991	FRY	braten::V	963	0.298604493755171	0.106262217315609	11.9601329587858	0.927269251498928	386	5-23																			0.2791970803	0.8603406326	0.9416058394	77	0.5839237164
BURN (SOMETHING)	141	BURN_(SOMETHING)	verbrennen::V	897	0.337639030119642	0.10490018226791	12.3149094657064	0.927615819462957	387	1-851															11				0.0997854077	0.8858369099	0.7768240343	47	0.6194731313
CHOOSE	1750	CHOOSE	wählen::V	888	0.342667918985034	0.100130606638516	12.3604066666224	0.92763953957571	388	16-622	85																		0.1433691756	0.8344086022	0.8387096774	44	0.5994930112
FOX	1312	FOX	Fuchs::N	144	0.426856231248537	0.094640986156711	13.1287364129434	0.928703033170653	389	3-74																			0.1736111111	0.8361111111	0.9444444444	37	0.6525666581
SPADE	1176	SPADE	Spaten::N	324	0.321069180170419	0.102486106557379	12.1857808990321	0.929615827749836	390	8-23																			0.4986263736	0.7967032967	0.9299450549	38	0.371462852
SKIN (OF FRUIT)	2373	SKIN_(OF_FRUIT)	Schale::N	178	0.312089411634035	0.134416360683964	12.1066207286642	0.929781602395785	391	5-461X																							
		SWAN	Schwan::N	159	0.437969765653419	0.112050199788935	13.2398226559748	0.929809476509399	392																								
HOOK	1071	HOOK	Haken::N	331	0.329854576294742	0.092653156376569	12.2670232184075	0.929833203175484	393	12-75																			0.2198275862	0.8090517241	0.8900862069	46	0.5618222683
		CHILL	Kälte::N	80	0.293621970611153	0.114023904990217	11.9425711442879	0.929997340878752	394																								
HOW	1239	HOW	wie::FADV	650	0.267429224947312	0.10441128981779	11.7086624338959	0.930179940937006	395	17-61	194								75	79	0.89	195	0.41						0.0204280156	0.8038910506	0.8122568093	47	0.6396271806
SHOUT	715	SHOUT	schreien::V	730	0.396810740155999	0.089550400309173	12.877058601764	0.930576194035998	396	18-13																			0.1046511628	0.7899224806	0.8730620155	52	0.6174785012
		MEADOW	Wiese::N	92	0.395362307120531	0.08919210047064	12.8644755873168	0.930621482323203	397																								
YELLOW	1424	YELLOW	gelb::A	527	0.429607540263008	0.086017904675902	13.1746783029752	0.930821044060814	398	15-69	150		89	22.5	51	496.966	87	100	200	205	3.97	129	2.12	0.16487	10				0.1540697674	0.8534883721	0.8779069767	45	0.6338414778
SOUP	1547	SOUP	Suppe::N	359	0.269327306707583	0.09162321260156	11.7322471359047	0.930830137553647	399	5-64																			0.5308098592	0.8341549296	0.9771126761	49	0.3824196906
GREEN	1425	GREEN	grün::A	529	0.52994179290359	0.076408266177817	14.0822323106173	0.931275617448501	400	15-68	151		88	21.1	58	522.136	90	35	63	66	3.01	152	2.46	0.17269	8				0.1676829268	0.7792682927	0.8282520325	48	0.5372028641
WET	1726	WET	nass::A	508	0.344842258117327	0.121707091836884	12.4189402823293	0.931535995927337	401	15-83	141								183	189	9.6	75	4.45		11				0.0975	0.855	0.875	52	0.6751828125
SHORT	1645	SHORT	kurz::A	484	0.393952546060674	0.107819436826519	12.8655066797687	0.931993376522263	402	12-59	154								134	140	2.04	174	3.39	0.21676	8				0.0989583333	0.7510416667	0.8506944444	52	0.5756818041
FAULT	134	FAULT	Schuld::N	446	0.342564330593061	0.117384007291645	12.4168626446692	0.933378366933168	403	16-76																			0.4233983287	0.7877437326	0.8885793872	45	0.4036055112
BLUE	837	BLUE	blau::A	528	0.390148515892068	0.115102995424398	12.8474150018496	0.933607835882097	404	15-67																			0.2398897059	0.8136029412	0.8759191176	50	0.5416928826
LOVE	923	LOVE	lieben::V	789	0.418546003693214	0.08826989054291	13.109639700065	0.934272566682607	405	16-27																			0.1532416503	0.8373280943	0.8408644401	49	0.596185127
ISLAND	622	ISLAND	Insel::N	108	0.318577461172328	0.095276769009827	12.2117315352741	0.934453438472319	406	1-25																			0.3879781421	0.849726776	0.8961748634	47	0.4660569566
		SWARM	Schwarm::N	149	0.254483962184918	0.121709111990724	11.6378533536027	0.934749769393844	407																								
MONEY	1350	MONEY	Geld::N	422	0.308322627648114	0.089454257620189	12.122892254395	0.934798860556193	408	11-43																			0.5375	0.8657142857	0.9705357143	53	0.3885955676
SHINE	708	SHINE	scheinen[Sonne]::V	688	0.404058034009035	0.105712049130324	12.9885271546752	0.93520048485939	409	15-56																			0.1018211921	0.8082781457	0.7715231788	55	0.5601090868
PICK UP	371	PICK_UP	aufheben::V	830	0.378597961360576	0.099266897523779	12.7748536251939	0.936747197294875	410	12-212																			0.0995934959	0.823102981	0.8031842818	48	0.5952617802
FRESH	243	FRESH	frisch::A	506	0.359126295481405	0.113312425220581	12.6001463235085	0.936800966417583	411																								
		TWIG	Zweig::N	116	0.227455072715798	0.116849398052997	11.4155316067798	0.936843595233765	412																								
HEEL	980	HEEL	Ferse::N	35	0.362457985686956	0.099968868414286	12.6320546217221	0.936993275053951	413	4-372																			0.0569105691	0.7808943089	0.8109756098	44	0.5972455581
DUST	2	DUST	Staub::N	67	0.272872393899848	0.121467501343717	11.8264773439974	0.93706257988988	414	1-213	11								35	35	6.44	96	3.63						0.2337662338	0.8944805195	0.9318181818	55	0.6386506425
		HEAP	Haufen::N	285	0.249054132489385	0.116355088037732	11.6139462553581	0.93724590629536	415																								
		CONCEAL	verbergen::V	941	0.366618229930901	0.110332338180252	12.6743314949162	0.937476742553804	416																								
LID (COVER. CAP)	2319	LID_(COVER,_CAP)	Deckel::N	341	0.358877973913513	0.092194013572583	12.6075950503048	0.937769328508318	417																								
WOMAN	962	WOMAN	Frau::N	194	0.266614939764035	0.090824270686826	11.7884851604062	0.938895070252993	418	2-22	55		16	17.9	75	418.379	75	99	195	201	13.83	54	2.75	0.16656	11				0.1574988246	0.8236953456	0.8906911142	53	0.6181078327
WARM	1232	WARM	warm::A	503	0.301845094709671	0.133937052824193	12.1058794113294	0.938927355894237	419	15-851	138		93	11.6	98	400.909	69	93	179	185	3.73	135	2.35	0.17283	11				0.0901287554	0.8300429185	0.8712446352	43	0.657991988
		SPACE_(FREE)	Platz::N	266	0.251282911640297	0.119171483894905	11.6600023846857	0.939845617992304	420																								
FOG	249	FOG	Nebel::N	74	0.333309400828058	0.094919512168796	12.4260424737372	0.942625786628467	421	1-74	132								56	57	8.21	80	4.97						0.140625	0.8555147059	0.90625	48	0.666282205
		THEN	dann::ADV	594	0.278867743257445	0.101137678768931	11.9387975131807	0.942898782386374	422																								
HIDE (CONCEAL)	602	HIDE_(CONCEAL)	verstecken::V	880	0.333369910613504	0.112170851328445	12.4297866123921	0.942945741687059	423	12-27	171									221						0.718	67	1	0.0717131474	0.8729083665	0.9133466135	45	0.74009331
RIPEN	179	RIPEN	reifen::V	959	0.302504063959672	0.119413607411853	12.1529986712145	0.943046209557748	424																								
TWENTY	1710	TWENTY	zwanzig::NUM	665	0.402341983239537	0.1114929831791	13.0521773566895	0.943109950753368	425	13-104	207																		0.2256097561	0.8219512195	0.756097561	41	0.4812644187
HUSBAND	1200	HUSBAND	Ehemann::N	210	0.293434429708287	0.095507573397391	12.0748286831836	0.943391881580901	426	2-31	57								77	81	3.75	134	4.74	0.16853					0.1998454803	0.8766932784	0.8990471285	57	0.6306726503
		STAFF	Stab::N	305	0.277208932473959	0.122561260130435	11.9401165096161	0.944523611735047	427																								
WEIGHT	2466	WEIGHT	Gewicht::N	283	0.33785181726231	0.105155267307971	12.4879153682298	0.944724901286896	428																								
		MATTER_(AFFAIR)	Angelegenheit::N	253	0.292105627564497	0.118949785716932	12.0793096699787	0.945035902189826	429																								
PATH	2252	PATH	Pfad::N	402	0.380478186592848	0.109093567043522	12.8757444236463	0.945144074431065	430	10-72	6	27	85	30.2	18	281.417	33				26.7	28							0.2074688797	0.8630705394	0.9211618257	50	0.6300841413
		STILL	noch::ADV	625	0.25773378533212	0.109081444748725	11.7735050412898	0.945390097330068	431																								
EVENING	1629	EVENING	Abend::N	453	0.43725154932046	0.106325982281775	13.3903071349983	0.945504319111419	432	14-46																			0.1279761905	0.8333333333	0.8779761905	45	0.6380134519
HANG UP	357	HANG_UP	aufhängen::V	828	0.373302720069763	0.11792100773816	12.8236742217325	0.946394974110467	433	9-341																			0.1078595318	0.8170568562	0.864548495	51	0.6301948903
		ARISE_(FROM_SLEEP)	aufstehen::V	743	0.323636371433311	0.12987318183268	12.3825064351612	0.946977909226141	434																								
SHOULDER	1482	SHOULDER	Schulter::N	25	0.303570891854139	0.113756429701584	12.2039485431344	0.947181051644712	435	4-3	19																		0.1338582677	0.8724409449	0.9429133858	43	0.7125195825
STEP (VERB)	2065	STEP_(VERB)	schreiten::V	758	0.426336153869072	0.101634832651904	13.3101452706871	0.947311988586544	436																								
		SIN	Sünde::N	415	0.343448493325024	0.130377759627441	12.5690963798739	0.947805993994869	437																								
BUILD	1840	BUILD	bauen::V	836	0.289711259386565	0.086583728922812	12.1006982758181	0.949329694133902	438	9-44																			0.1989211059	0.8420431558	0.8128792987	59	0.5483220408
THROAT	1346	THROAT	Kehle::N	16	0.313848936781513	0.096876184291901	12.3232528758811	0.949861244484753	439	4-29																			0.1296992481	0.8537593985	0.9323308271	50	0.6927473937
NOW	1376	NOW	jetzt::ADV	590	0.190228271497617	0.099829563023084	11.2122866499623	0.950023220648376	440	14-18																			0.1031598513	0.831598513	0.874535316	49	0.6522380009
CEASE	1928	CEASE	enden::V	684	0.375120637667267	0.097927890073945	12.8826322597023	0.950654652069692	441	14-28																			0.1419491525	0.8233757062	0.7846045198	53	0.5543216986
CROW	913	CROW	Krähe::N	157	0.352020833823537	0.106142221913425	12.6773160623645	0.950912855795271	442	3-593																			0.141025641	0.8333333333	0.9615384615	39	0.6882807364
BAD	1292	BAD	schlecht::A	559	0.278678956658948	0.09638614173697	12.0196542524854	0.951154364255486	443	16-72	165								7	7	5.64	103	6.87		12				0.0874558304	0.8042402827	0.8639575972	55	0.6340626111
		REASON	Grund::N	223	0.296877893577896	0.115372704873014	12.19461110715	0.952271006494893	444																								
PICK	2148	PICK	pflücken::V	948	0.22084383836127	0.147590292837412	11.5129334731148	0.952533892786336	445	8-99961																							
		SPREAD_(SOMETHING)	streichen::V	864	0.334304368221486	0.114161797117498	12.5371302531723	0.952839093917889	446																								
BRIGHT	679	BRIGHT	hell::A	522	0.366958765839675	0.108548696200476	12.8381262587078	0.953549736615074	447	15-57																			0.0474433316	0.8123352662	0.8220875066	43	0.6361275103
ENTER	749	ENTER	eintreten::V	778	0.331374906809354	0.120219732925707	12.5206700552277	0.953829589394354	448	10-57																			0.075	0.8346153846	0.7923076923	45	0.6116767751
HEAVY	1210	HEAVY	schwer::A	500	0.355609744012213	0.122357584528581	12.7401618247966	0.953967412868663	449	15-81	142								71	74	13.82	55	2.89		8	0.716	71	1	0.0894039735	0.8834437086	0.9006622517	43	0.7245470528
SPOON	1378	SPOON	Löffel::N	327	0.345059211366436	0.097460873288966	12.6566204952089	0.9551087592911	450	5-37																			0.400990099	0.8188118812	0.9108910891	52	0.4467706039
CHOP	155	CHOP	hacken::V	957	0.308057379429315	0.110390865248954	12.3268953879869	0.955437897312304	451	9-222																			0.0501485884	0.8173105498	0.8764858841	53	0.6804366589
LETTER	1612	LETTER	Brief::N	407	0.386349835465669	0.108224033810084	13.0322879519508	0.95551394327598	452	23-42																			0.5805926408	0.792184956	0.911103875	45	0.3027126228
BOOK	963	BOOK	Buch::N	408	0.402015552826937	0.091040587767389	13.1885552096836	0.957041523424118	453	18-61																			0.6217968509	0.8574251312	0.9827107132	44	0.3186742995
		OPEN_(OF_DOOR)	offen::A	512	0.455323685956538	0.085067874271177	13.6784686592931	0.958055548568426	454																								
FOREHEAD	123	FOREHEAD	Stirn::N	10	0.241617465626852	0.135166442257429	11.7552425471876	0.958068535654594	455	4-205																			0.0657370518	0.8362549801	0.8685258964	44	0.6785636869
SHARP	1396	SHARP	scharf::A	498	0.321042911935775	0.100602722501804	12.4724763198825	0.958309011246056	456	15-78	81								133	139	9.01	77	3.76	0.1611					0.099609375	0.815234375	0.84375	48	0.6193372965
BEND (SOMETHING)	2224	BEND_(SOMETHING)	biegen::V	842	0.321382693936875	0.100075584574147	12.479585672231	0.958714142679913	457																								
COMB	1475	COMB	Kamm::N	382	0.312002775629299	0.117187456271435	12.4031589827349	0.959513400207121	458	6-91																			0.1666666667	0.8268817204	0.8333333333	50	0.574223417
GRAVE	1773	GRAVE	Grab::N	413	0.289827616181987	0.121642438068422	12.2036702740924	0.959522172845449	459	4-79																			0.3010204082	0.8244897959	0.887755102	49	0.5116146334
		FLOW_(OF_RIVER)	strömen::V	691	0.282934142574713	0.124655199988916	12.1540086907602	0.960760140758775	460																								
EVIL	45	EVIL	böse::A	543	0.253443864844093	0.108241638790115	11.8894443379328	0.9608449554336	461																								
GUEST	1782	GUEST	Gast::N	246	0.430848797440269	0.095194442751175	13.4861713427177	0.960853216575532	462	19-56																			0.2626728111	0.864516129	0.8755760369	40	0.5581195252
CALL BY NAME	180	CALL_BY_NAME	nennen::V	989	0.396498538476788	0.106560474166261	13.180365553712	0.961187870742091	463	18-42																			0.0801526718	0.7961832061	0.6937022901	50	0.5080446616
PEOPLE	789	PEOPLE	Volk::N	244	0.33328980276729	0.123406808399011	12.6127730364984	0.96131648115928	464	19-21																			0.3784860558	0.8207171315	0.8207171315	46	0.4186372556
FEEL (TACTUALLY)	2559	FEEL_(TACTUALLY)	fühlen::V	807	0.376269691126618	0.096348998506196	13.0084855215919	0.962205830145231	465																								
SPRINGTIME	1537	SPRINGTIME	Frühling::N	458	0.352822698391884	0.121415709068207	12.8004923414584	0.962508805593144	466	14-75																			0.1604477612	0.8059701493	0.7686567164	37	0.520114675
		CHIME	läuten::V	720	0.412359328131705	0.107337652571396	13.3393281219382	0.962809416875288	467																								
SNAKE	730	SNAKE	Schlange[Tier]::N	163	0.323655337495098	0.110662898484591	12.5412348598078	0.962833682235188	468	3-85	106								144	150	4.56	115	3.11	0.19485	9				0.1542288557	0.8507462687	0.9502487562	51	0.6837388021
KING	1508	KING	König::N	432	0.360994951050839	0.104975005961569	12.8786810285186	0.962972646906103	469	19-32																			0.5290697674	0.810720363	0.9305161656	47	0.3552643063
AUTUMN	1276	AUTUMN	Herbst::N	460	0.421848484933004	0.092905130485632	13.4301009027838	0.963346453838672	470	14-77																			0.1571428571	0.82	0.8071428571	36	0.5578510204
YESTERDAY	1174	YESTERDAY	gestern::ADV	595	0.378385842820778	0.102094747950667	13.0412275022589	0.963575491687192	471	14-49										211					7	0.744	41	1	0.0421686747	0.8710843373	0.921686747	42	0.7690110566
STAR	1430	STAR	Stern::N	59	0.347478343819974	0.096929419668401	12.7638451393975	0.963654004501773	472	1-54	130	4	74	26.6	34	558.447	94	80	152	158	10.58	67	0.72	0.27269	4	0.691	97	1	0.1703187251	0.8852589641	0.9701195219	43	0.7125360892
SMOOTH	1234	SMOOTH	glatt::A	493	0.424214746578281	0.106169796901446	13.4578576709389	0.963992495173436	473	15-77									143	149	1.42	191	6.23	0.18457					0.1742957746	0.8288732394	0.8732394366	52	0.5976486822
NARROW	1267	NARROW	schmal::A	486	0.336545171318797	0.129456153905636	12.6710583852875	0.964215184341832	474	12-62	158								101	106	3.5	140	2.89		12				0.09375	0.7916666667	0.8385416667	51	0.6016099718
FLOOR	1632	FLOOR	Fußboden::N	310	0.340005830516289	0.092160694916336	12.704367533655	0.964431505900835	475	7-26																			0.3462897527	0.8207838098	0.8785737231	47	0.4714029372
FEAR (BE AFRAID)	1419	FEAR_(BE_AFRAID)	fürchten::V	797	0.424041701762745	0.09637067176743	13.461535113775	0.964515979791029	476	16-531X	22								45	45	19.3	40	4.06		10								
SILVER	759	SILVER	Silber::N	187	0.392235620227411	0.092994089673108	13.1893006365883	0.965918005454159	477	9-65																			0.5086956522	0.8895652174	0.902173913	41	0.3942926358
NOOSE	2604	NOOSE	Schlinge::N	181	0.296170095642992	0.122827818940141	12.3259285909162	0.966039773012931	478																								
FREEZE	1431	FREEZE	gefrieren::V	700	0.414876458600413	0.112509238751916	13.4077007927279	0.967381266532415	479	1-775									59	60			2.69						0.1301369863	0.8356164384	0.7739726027	37	0.5625788847
RING	1374	RING	Ring::N	380	0.411353829519035	0.100657247556324	13.376113806809	0.967392934113769	480	6-73																			0.224137931	0.7873563218	0.867816092	44	0.5301314117
EAGLE	1905	EAGLE	Adler::N	153	0.368258405935054	0.107842590040636	12.9945961861894	0.968027053277389	481	3-584																			0.2471264368	0.8471264368	0.9540229885	45	0.608455922
		TIE_UP	anbinden::V	954	0.321413336729819	0.138346018445104	12.5825191949902	0.968979916442187	482																								
		TAKE_OFF	ausziehen::V	976	0.363323387814992	0.105694127464241	12.9639588088941	0.969404831855914	483																								
SOFT	1856	SOFT	weich::A	495	0.391247677452635	0.106039084087258	13.2200085074581	0.969877941038435	484	15-75																			0.0848585691	0.8462562396	0.8851913478	54	0.6855312574
PIECE	594	PIECE	Stück::N	256	0.246816053203572	0.115481045546725	11.9202691799852	0.969892470115303	485	13-231																			0.1628571429	0.864	0.8085714286	50	0.5848327837
FROST	2034	FROST	Frost::N	79	0.294076717032731	0.134927108024487	12.3460904462333	0.969939999293875	486																								
		RECOGNIZE	erkennen::V	996	0.443798220123655	0.103517393458063	13.6950960145218	0.970091203340895	487																								
PAINT (PIGMENTS)	647	PAINT_(PIGMENTS)	Farbe::N	370	0.279424565160699	0.116856664657847	12.2250475226457	0.971022643619939	488	9-88																			0.5183752418	0.7949709865	0.8955512573	50	0.3428866138
WIFE	1199	WIFE	Ehefrau::N	211	0.300060556307478	0.106752729753817	12.4119707211287	0.971142571436138	489	2-32	58								190	196	6.84	91	4.12						0.1834381551	0.8466107617	0.8445143256	59	0.5838212369
ALL	98	ALL	alles::PRN	639	0.290505082176822	0.120213257921171	12.3455153151145	0.973096957552315	490	13-14	191		9	14.1	92	679.997	100	1	1	1	1.84	180	2.02		7				0.1869565217	0.8582608696	0.9	58	0.6280230624
DANCE	1879	DANCE	tanzen::V	923	0.415302328510534	0.105992734428601	13.4727053871048	0.973498443051003	491	10-44																			0.2857142857	0.7989795918	0.8367346939	52	0.4775242459
STAND UP	570	STAND_UP	sich erheben::V	754	0.328275909040364	0.110030698437283	12.6936849662737	0.97392017849104	492																								
LEFT	244	LEFT	linker::A	576	0.414717062231204	0.108646411206379	13.473909493356	0.97414559332752	493	12-42	2								87	91	8.17	81	4.41						0.15	0.8144444444	0.9055555556	46	0.6268959877
DARK	706	DARK	dunkel::A	523	0.417829553592753	0.102425525709687	13.5094311514378	0.974896516910303	494	15-63																			0.1018099548	0.9009049774	0.8676470588	43	0.7020860156
UNCLE	1327	UNCLE	Onkel::N	208	0.28557136600816	0.088769037419797	12.3192288253654	0.974908653129197	495	2-51																			0.303871335	0.8684884714	0.9369010343	41	0.5664313651
HAPPEN	248	HAPPEN	passieren::V	682	0.322379171229143	0.096467473974681	12.6586132389153	0.975720069785297	496																								
WRAP	1113	WRAP	einwickeln::V	872	0.399706899458488	0.096296700047224	13.3561010239033	0.975873892877688	497	10-14																			0.1145833333	0.8302083333	0.8932291667	50	0.6565951595
		SKI	Ski::N	290	0.283582525615035	0.090422576844175	12.32111434872	0.976887161818468	498																								
DUCK	1360	DUCK	Ente::N	154	0.25261650546774	0.109617416052553	12.0466017199036	0.977305317069394	499	3-57																			0.4615384615	0.8604395604	0.9285714286	46	0.4302197802
PRAISE	1687	PRAISE	loben::V	903	0.350836869650765	0.111333756545197	12.9318152192662	0.977428339240927	500	16-79																			0.1964285714	0.794047619	0.7380952381	43	0.4709593659
MIND	1562	MIND	Verstand::N	221	0.26012395487439	0.123451221525114	12.122502877358	0.978138728348846	501	17-11																			0.2750611247	0.8833740831	0.8973105134	43	0.5746306666
TODAY	1283	TODAY	heute::ADV	591	0.380724610421324	0.09232797774467	13.2148968949053	0.978837540111335	502	14-47																			0.047752809	0.8449438202	0.7808988764	47	0.6283076277
RICH	712	RICH	reich::A	569	0.447936641328557	0.095098065810437	13.8250134741918	0.979358370223478	503	11-51																			0.2847457627	0.8142372881	0.8161016949	43	0.4752867489
WORK (ACTIVITY)	1086	WORK_(ACTIVITY)	arbeiten::V	946	0.370892069665468	0.098208972960743	13.1486377770173	0.981060915002811	504																								
		SELECT	auswählen::V	889	0.407999889295173	0.089607267145509	13.4849225233513	0.98129235196947	505																								
SET (HEAVENLY BODIES)	160	SET_(HEAVENLY_BODIES)	untergehen[Sonne]::V	687	0.347159861598355	0.124976045340826	12.9380563626991	0.981361760831393	506																								
		CURRENT	Strömung::N	85	0.389109217920116	0.110745642973434	13.3180284217745	0.98160454604935	507																								
FINE OR THIN	2157	FINE_OR_THIN	fein::A	490	0.349003350520606	0.105840791016211	12.9623083630983	0.982127820841286	508																								
		PERISH_(OF_HUMAN)	umkommen::V	751	0.415192113379726	0.114844097547439	13.5612948329339	0.982456581251635	509																								
WELL	954	WELL	Brunnen::N	400	0.304338903861229	0.117280499365321	12.5640159507545	0.982496581600348	510	1-37																			0.2054263566	0.8131782946	0.8546511628	66	0.5522157902
FACE	1560	FACE	Gesicht::N	9	0.189838991026276	0.108578331203543	11.5390400233472	0.983048910411076	511	4-204																			0.2688477952	0.8346372688	0.9679943101	52	0.590715507
EMPTY	1624	EMPTY	leer::A	511	0.322570582256024	0.104850658930916	12.7363232884826	0.983318804817843	512	13-22																			0.1358695652	0.8217391304	0.8913043478	48	0.632906119
SHADE	1388	SHADE	Schatten::N	72	0.297994892435538	0.137199133737812	12.5208407863683	0.983888675444845	513	1-63										212					7	0.694	91	1	0.112745098	0.9029411765	0.931372549	52	0.7461588586
TOUCH	1892	TOUCH	berühren::V	825	0.310077931851367	0.112101113255207	12.6579777192295	0.986727633256724	514	15-71																			0.103406326	0.7834549878	0.8438767234	49	0.5927734288
DOWN OR BELOW	2094	DOWN_OR_BELOW	unten::ADV	615	0.348901158175794	0.103167346157877	13.0104073595552	0.987029693597307	515																								
		GLUE_(SOMETHING)	kleben::V	862	0.417154791477705	0.097867270033101	13.6343556475048	0.987996252420549	516																								
CLEAN	704	CLEAN	sauber::A	514	0.375337777903542	0.107087880727898	13.2632290501924	0.988518904906049	517	15-87																			0.1387614679	0.8100917431	0.8279816514	42	0.5776680797
SHELF	745	SHELF	Regal::N	315	0.395783253109732	0.117459372178819	13.447396676253	0.988534739826545	518	7-47																			0.4442060086	0.7759656652	0.8969957082	41	0.3868536667
		WAKE	wecken::V	907	0.421209205079905	0.101357850495023	13.6840060836325	0.98931232379133	519																								
UNTRUTH	475	UNTRUTH	Lüge::N	443	0.374614261967769	0.114656878263992	13.266227600847	0.989469924313703	520																								
		SWING_(SOMETHING)	schwenken::V	869	0.34500268193034	0.126438123861741	13.0033096128057	0.989828547543267	521																								
FRIEND	1325	FRIEND	Freund::N	251	0.334917667086843	0.118336538597156	12.9163061343	0.990204713051841	522	19-51																			0.4133858268	0.8133858268	0.9291338583	64	0.4433303245
SEND	1127	SEND	schicken::V	882	0.279204717487627	0.136964186615154	12.4182228555045	0.99053803981159	523	10-63																			0.1331775701	0.8556074766	0.8107476636	41	0.601298911
ROOF	769	ROOF	Dach::N	321	0.281022655829777	0.112745948771371	12.4410791614828	0.991187525901476	524	7-51																			0.1425742574	0.7934653465	0.7891089109	46	0.5368604736
SMALL	1246	SMALL	klein::A	482	0.320033388197548	0.0981907538519	12.8003948929427	0.992009439916482	525	12-56	152		15	6.3	100	597.591	95	77	140	146	1.92	178	3.7		13	0.694	91	1	0.091047041	0.8543247344	0.9658573596	60	0.7500278354
GLASS	604	GLASS	Glas::N	189	0.364867391918209	0.094700325342025	13.2098556399884	0.992604911272451	526	9-74																			0.6178414097	0.7964757709	0.9438325991	45	0.2872838211
VILLAGE	930	VILLAGE	Dorf::N	405	0.268683328666551	0.115221297943889	12.3502047845867	0.993205482658771	527	19-16																			0.2887189293	0.8447418738	0.8910133843	51	0.5353644159
TRAP (PITFALL)	1075	TRAP_(PITFALL)	Falle::N	180	0.303325478306483	0.115803885361015	12.6691176977328	0.99391883929745	528	20-64																			0.2354948805	0.843003413	0.933447099	52	0.601588383
SUMMIT	1614	SUMMIT	Gipfel::N	97	0.270924634398501	0.124358402965871	12.3810697201816	0.994274801059509	529																								
SWALLOW	897	SWALLOW	schlucken::V	738	0.343693509976897	0.092201324620165	13.0369931753522	0.994375158556014	530	5-181																			0.0773809524	0.8273809524	0.869047619	43	0.6633939538
		WALK_(TRIP)	Gang::N	293	0.324512249663193	0.145626301618231	12.865306459128	0.994469621215923	531																								
RAIN (RAINING)	1253	RAIN_(RAINING)	regnen::V	699	0.36436990387776	0.108435456244946	13.2252605787546	0.994593144385479	532																								
ASK (INQUIRE)	1309	ASK_(INQUIRE)	fragen::V	985	0.320181477097537	0.102236629069329	12.8286143706017	0.994698107672383	533	18-31															11				0.1316326531	0.826122449	0.8897959184	45	0.6383198021
NAIL (TOOL)	502	NAIL_(TOOL)	Nagel::N	329	0.265888170074629	0.091192768141131	12.3406281387875	0.994763460811584	534	9-5																			0.4087837838	0.8378378378	0.9324324324	44	0.4618741733
BEGIN	1806	BEGIN	anfangen::V	815	0.319496739879276	0.111542509831329	12.8243740970744	0.994890343816089	535	14-25																			0.1341681574	0.7846153846	0.85509839	50	0.5809068022
		ROCK_(A_CHILD)	wiegen::V	905	0.347959661199507	0.104041010290122	13.0876530017347	0.995601605093918	536																								
		FILTH	Dreck::N	184	0.224335015230161	0.115536534389269	11.9754048572646	0.995638972019317	537																								
DIRT	25	DIRT	Schmutz::N	88	0.24752470823041	0.107049434739394	12.1861762312022	0.995845385712854	538																								
		SIGN	Zeichen::N	236	0.310613919027186	0.127858159416627	12.7549927093066	0.995946743806193	539																								
CIRCLE	1467	CIRCLE	Kreis::N	259	0.34249750423717	0.09520051808561	13.0421840496161	0.99597065114816	540	12-82																			0.2527429467	0.8151253919	0.9059561129	47	0.5518252957
		BUNDLE	Bündel::N	338	0.262374034607515	0.11454014730614	12.3278829329283	0.996651662146071	541																								
THROUGH	97	THROUGH	durch::PRP	633	0.313066150857393	0.108966299442	12.7889848100047	0.997138945228815	542	24-05																			0.1057934509	0.8564231738	0.9244332494	36	0.7079487415
LOAD	1679	LOAD	Last::N	292	0.284019944458871	0.123612136036293	12.5279986034488	0.997181910331896	543																								
		WARE	Ware::N	426	0.329101372015664	0.109813721048698	12.9437668010313	0.998185445289027	544																								
STOMACH	819	STOMACH	Magen::N	47	0.3898514573881	0.078400343871186	13.4936536861045	0.998499056961164	545	4-46																			0.3176855895	0.8524017467	0.9672489083	48	0.562557764
JUMP	1829	JUMP	springen::V	764	0.330847648129632	0.136570127067433	12.9659117902795	0.998828295711284	546	10-43																			0.0639344262	0.8347540984	0.8819672131	56	0.6891555751
DEAR	2470	DEAR	lieb::A	550	0.324876132125541	0.127996875445321	12.9130282555096	0.998914306637969	547																								
		RISE_(MOVEMENT)	steigen::V	715	0.35190977023445	0.104776022364019	13.1703342195434	1.00031462874334	548																								
		SINK_(IN_WATER)	versinken::V	708	0.384268826421184	0.114826400313584	13.4631859199873	1.00047664821966	549																								
LOOK	1819	LOOK	anschauen::V	801	0.299580924424692	0.11595646207146	12.7015671010325	1.00053387812103	550	15-52																			0.0949152542	0.7976271186	0.9355932203	55	0.6754235866
		SLICE	Scheibe::N	354	0.305238273963983	0.105542926049767	12.759768763396	1.00126242977201	551																								
TEAR (OF EYE)	1651	TEAR_(OF_EYE)	Träne::N	51	0.427274262830574	0.09491515449133	13.8605151308784	1.00150467654032	552	16-38															7				0.0625	0.8125	0.81875	40	0.6236572266
SWEEP	230	SWEEP	fegen::V	972	0.308818677770266	0.108495210451984	12.7986834072248	1.00193153072924	553	9-37																			0.1325301205	0.8228915663	0.8734939759	44	0.6235293912
		AREA	Gegend::N	265	0.306974786316221	0.105030641879309	12.7823945053461	1.00196214285001	554																								
		CAUSE_SOMEONE_TO	lassen::V	915	0.185092049046001	0.115924693189052	11.6990117715679	1.00331833301539	555																								
		UNDERSTAND_(ACOUSTICALLY)	verstehen::V	998	0.305868806063513	0.118509436593203	12.7866942244432	1.00338749698716	556																								
		BROOK	Bach::N	101	0.313450658760378	0.109196597325929	12.8561468530858	1.00350909242424	557																								
		GATE	Tor::N	319	0.402790518146309	0.098254853548963	13.6684962994634	1.00433816361466	558																								
FAR	1406	FAR	fern::A	575	0.389280971951028	0.108044864388653	13.5604730537214	1.00569443061622	559	12-44	180								42	42	16.7	43	3.14	0.20998	11	0.76	23	1	0.0559701493	0.8184079602	0.947761194	41	0.7322417623
WIN	866	WIN	siegen::V	932	0.417272953328559	0.084125677876153	13.816265116727	1.00608085367699	560	20-99909																							
INVITE	1611	INVITE	einladen::V	916	0.403096842579863	0.081195599818503	13.6893045657802	1.00614329825614	561	19-565																			0.1973684211	0.7991902834	0.8238866397	46	0.5284865003
SHAKE	1909	SHAKE	schütteln::V	868	0.380178132492709	0.109140277773816	13.4839016221567	1.00622984297223	562	10-26																			0.1724137931	0.8215517241	0.8534482759	59	0.5802636434
		MOVE_(OF_PERSON)	sich bewegen::V	752	0.337073619953668	0.094215085058097	13.0999531216531	1.00662905420701	563																								
AUNT	1272	AUNT	Tante::N	209	0.289086862225421	0.093200648608848	12.6735210256664	1.00717392656376	564	2-52																			0.2374570735	0.8428679119	0.8651478348	45	0.5560503809
STRENGTH	202	STRENGTH	Stärke::N	392	0.273851716277199	0.114936013036018	12.5395723122712	1.00749068657764	565	4-99912																							
CHEEK	1730	CHEEK	Wange::N	8	0.246364255140057	0.109028012464375	12.2972208872488	1.00799425909882	566	4-208																			0.0714285714	0.8357142857	0.9226190476	45	0.7159712099
		GRAB_(SOMETHING)	packen::V	879	0.350968839614961	0.096246587116278	13.2436490958366	1.0084929539302	567																								
WIPE	1454	WIPE	abwischen::V	970	0.262234277431302	0.117063911075615	12.4498203882255	1.00897118913437	568	9-311									193	199	2.82	156	6.92						0.1396103896	0.8142857143	0.8571428571	43	0.6005168301
		CONNECT	verbinden::V	826	0.316583320297176	0.111357805297685	12.9424904841328	1.00932406014582	569																								
		HOARFROST	Raureif::N	82	0.307467693182174	0.112337451802182	12.864076699659	1.00968674610194	570																								
THIGH	800	THIGH	Oberschenkel::N	37	0.269934337027324	0.114996815419875	12.527943525619	1.00985344923731	571	4-351										208						0.712	76	1	0.09375	0.8474137931	0.9181034483	42	0.7050747575
DEFEND	1330	DEFEND	verteidigen::V	929	0.399883535073392	0.110241753511389	13.6982576121366	1.00993057964761	572	20-44																			0.191011236	0.8148314607	0.7550561798	42	0.4977251028
PUSH	1452	PUSH	schieben::V	851	0.25697359964844	0.113656802517107	12.4155434891446	1.01027810923087	573	10-67									114	119	3.19	146	8.06						0.1725978648	0.8380782918	0.8985765125	49	0.6230979055
TABLE	1775	TABLE	Tisch::N	311	0.251683642545869	0.101405673610597	12.3684104428374	1.01032576599246	574	7-44																			0.7354085603	0.813229572	0.9591439689	44	0.2063824446
ROW	1849	ROW	rudern::V	770	0.466141588529538	0.096409904375741	14.3045424625802	1.01092681658143	575	10-852																			0.2109004739	0.8279620853	0.7867298578	37	0.514005617
GREY	153	GREY	grau::A	530	0.272728944562385	0.122276096739246	12.5664734264074	1.0111912925346	576	15-99902																							
IN FRONT OF	1883	IN_FRONT_OF	vor::PRP	630	0.388432873012134	0.121990065254515	13.6119817688171	1.01160859117079	577	12-041																			0.0551020408	0.7967346939	0.7183673469	48	0.540810635
DEAF	996	DEAF	taub::A	536	0.400860258181854	0.113620384432639	13.733620608177	1.01258782845403	578	4-95																			0.1576086957	0.8586956522	0.8043478261	47	0.5818312341
FAT (OBESE)	1279	FAT_(OBESE)	fett::A	540	0.329318639322286	0.10589180597396	13.0898432717195	1.01259755178189	579																								
RESCUE	2008	RESCUE	retten::V	926	0.436899614612036	0.089904316668458	14.0587224313267	1.01266258998183	580	11-25																			0.3681541582	0.7866125761	0.8113590264	45	0.4032599475
		STIR_(SOMETHING)	umrühren::V	964	0.425889662477262	0.112761299730391	13.9647606073239	1.01317536450285	581																								
DESIRE	2117	DESIRE	Lust::N	217	0.323814448455868	0.114491497122451	13.047674405726	1.01333443696232	582																								
FLAT	1633	FLAT	flach::A	492	0.386760566795708	0.119522444586059	13.6163015232692	1.01354564221079	583	12-71																			0.2903225806	0.8322580645	0.8844086022	51	0.5223624585
MEMORY	1018	MEMORY	Gedächtnis::N	220	0.473679054426763	0.107231462282719	14.3985824886439	1.0135470998803	584																								
CHAIR	1476	CHAIR	Stuhl::N	312	0.352272378532125	0.089212037875888	13.3103088395348	1.01398574327457	585	7-43																			0.4696969697	0.7848484848	0.8737373737	50	0.3636560741
SHIVER	52	TREMBLE	zittern::V	732	0.450639680026612	0.074048636186621	14.2057710443205	1.01500139240809	586	4-68																			0.072815534	0.7873786408	0.8203883495	53	0.5989206133
		LONGING	Wunsch::N	216	0.396323781819693	0.093379404925189	13.7198344098008	1.01529203734236	587																								
RESULT IN	1723	RESULT_IN	geraten::V	819	0.354221799280869	0.098417637698398	13.348097476739	1.01601012832112	588																								
		THITHER	dorthin::ADV	610	0.266997593327036	0.092085828543401	12.5631195202236	1.01601411802803	589																								
STOVE	859	STOVE	Ofen::N	309	0.274630599061872	0.09727654350158	12.6374075535559	1.01657321619991	590	7-32																			0.5763473054	0.8383233533	0.9041916168	37	0.3211308388
		FLOCK_(OF_SHEEP)	Herde::N	133	0.232043808144426	0.124527161428834	12.2557804441346	1.01673861708348	591																								
FINISH	1766	FINISH	beenden::V	816	0.361714590085905	0.114647029257934	13.4298650484044	1.01744337376313	592	14-27																			0.2151860744	0.7952581032	0.7899159664	59	0.4930099629
THROW	1456	THROW	werfen::V	877	0.20837258628996	0.104904213372614	12.0508946359795	1.01755413593699	593	10-25	94								170	176	2.14	173	7.52						0.0402985075	0.8292537313	0.9171641791	59	0.7299123117
GATHER	7	GATHER	sammeln::V	947	0.291597134898058	0.149363782554528	12.8170031493597	1.01926289352772	594	12-21																			0.1448275862	0.804137931	0.8637931034	57	0.5940102833
CHIN	1510	CHIN	Kinn::N	14	0.247563723453956	0.115288041923574	12.4228919684685	1.01948184573829	595	4-209																			0.0602409639	0.8397590361	0.8915662651	45	0.7035983679
CLOTH	1616	CLOTH	Stoff::N	365	0.271239172029651	0.114076343021372	12.6442875546835	1.02031350064166	596	6-21																			0.3557312253	0.8249011858	0.9545454545	47	0.5073008909
LIFT	501	LIFT	hochheben::V	847	0.315765247220921	0.105296243333634	13.0493160961984	1.02074288712101	597	10-22																			0.0868167203	0.8273311897	0.7877813505	60	0.5951727565
WORM	1219	WORM	Wurm::N	164	0.249365314870705	0.134853876859337	12.4534994118101	1.02092115779737	598	3-84	107								197	203	1.95	177	2.16	0.20846	9				0.1243093923	0.8569060773	0.9129834254	62	0.6850887058
ENTER	749	GO_INSIDE	hineingehen::V	777	0.313443484687028	0.115965522944674	13.0361695736763	1.02151782114931	599	10-57																			0.075	0.8346153846	0.7923076923	45	0.6116767751
SWAMP	1145	SWAMP	Sumpf::N	90	0.310547159898152	0.11241658616429	13.0117437234934	1.02168192844101	600	1-38																			0.2087378641	0.8097087379	0.854368932	54	0.5473872248
LIGHT (IGNITE)	737	LIGHT_(IGNITE)	anzünden::V	829	0.33319927032199	0.116661403354149	13.2233076790962	1.02245142461982	601	1-86																			0.0621761658	0.8202072539	0.768566494	53	0.5911889649
TREE TRUNK	344	TREE_TRUNK	Stamm::N	113	0.290181359076144	0.127513413261209	12.8431945152158	1.02315622835305	602	8-73																			0.0976821192	0.7821192053	0.8101545254	43	0.5717423682
SWEET	717	SWEET	süß::A	519	0.312586749787184	0.117389954961915	13.0463872577718	1.02331065096871	603	15-35										216					7	0.695	89	1	0.0863095238	0.8535714286	0.8869047619	46	0.6916970992
SEVERE	419	SEVERE	schlimm::A	561	0.296305329971033	0.106648215192421	12.902867232874	1.02361192631347	604																								
HOWL	526	HOWL	heulen::V	727	0.264127553384981	0.102985739333412	12.6155665552826	1.02384185748178	605	18-19																			0.0379746835	0.8516455696	0.8493670886	40	0.6958903616
		TUBE	Rohr::N	306	0.212394662710569	0.106695830468431	12.1511304576412	1.02395784932461	606																								
HILL	614	HILL	Hügel::N	94	0.235924191666695	0.115263985149579	12.363543167356	1.02402254423558	607	1-22																			0.1739130435	0.8927536232	0.9710144928	73	0.7161155402
		CALL_(APPEAL)	Ruf::N	237	0.281025384924637	0.128645894735153	12.770353673993	1.02411252096712	608																								
		SOLID	fest::A	491	0.265272902976718	0.117853280647145	12.6301423313471	1.02426862045567	609																								
		THOUGHT	Gedanke::N	219	0.298104688364167	0.116053336253796	12.9289725890789	1.02460303938014	610																								
THUNDER (VERB)	2378	THUNDER_(VERB)	donnern::V	689	0.423399876854746	0.083121524608002	14.058278124765	1.02476792330723	611																								
ESCAPE	1615	ESCAPE	flüchten::V	799	0.368145175811212	0.109091703163373	13.5658041629303	1.02524975806293	612																								
HEAT	612	HEAT	Hitze::N	81	0.209475886108473	0.103462713754784	12.13977127864	1.02544883036637	613																								
VERY	1311	VERY	sehr::ADV	623	0.208903891032826	0.089816632870391	12.1436443152007	1.02635092959052	614																								
		CUT_OFF	abschneiden::V	856	0.377481099973415	0.102648116466047	13.6619497084047	1.02646198086439	615																								
		PROTECT	schützen::V	928	0.360848726480225	0.089129666041257	13.5181183001623	1.02704797618403	616																								
SMELL (PERCEIVE)	1586	SMELL_(PERCEIVE)	riechen::V	806	0.373249050889608	0.094547870236482	13.6364408945034	1.02771994364969	617	15-22	29								141	147	3.7	136	6.48						0.1004217185	0.7901950448	0.7456510279	44	0.530040292
		LAUGHTER	Gelächter::N	213	0.352360399816424	0.130212962592823	13.450060735695	1.02788171373472	618																								
FOREIGN	109	FOREIGN	fremd::A	572	0.343026588991931	0.110605593396225	13.3667920734024	1.0279552772475	619																								
CRANE	1830	CRANE	Kranich::N	156	0.296960417921089	0.101700898260078	12.9532395433301	1.02805957820403	620																								
		RINSE	spülen::V	971	0.389164088646777	0.120176088330787	13.7832650862843	1.02807882884634	621																								
		LEAVE_(SOMEONE)	verlassen::V	925	0.31939892347905	0.11368096564273	13.1607272375101	1.02861369261986	622																								
		AWAIT	erwarten::V	784	0.3568751582185	0.10785377056758	13.4994657324561	1.02875893084896	623																								
		MEAL	Essen::N	347	0.228564754069421	0.10704950837126	12.3479257853807	1.02908429987559	624																								
FIRST	728	FIRST	erster::A	579	0.426953151508875	0.090890687309996	14.1340135897328	1.02914352261529	625	13-34																			0.1232876712	0.8441780822	0.7380136986	52	0.5462049216
BRAIN	1583	BRAIN	Gehirn::N	45	0.26868809711804	0.123876323683697	12.7097423292878	1.02915494552255	626	4-203																			0.1324324324	0.8232432432	0.9189189189	49	0.6563094782
LENGTH	2537	LENGTH	Länge::N	281	0.353463450693565	0.106130739086561	13.4745300054586	1.02933589492165	627																								
		LEAVE_(SOMETHING)	zurücklassen::V	831	0.314544505682451	0.099154298601537	13.1288588650966	1.02979583139545	628																								
TOWN	1391	TOWN	Stadt::N	406	0.175364308093723	0.11637892594122	11.88946472678	1.03111859539365	629	19-15																			0.4675675676	0.8172972973	0.9027027027	51	0.3928161254
		TUMBLE	hinfallen::V	756	0.25908299815029	0.110323047391251	12.6479787240752	1.03162317407226	630																								
ONLY	1580	ONLY	nur::ADV	626	0.192340339636423	0.103529382950726	12.0560080534638	1.0324944996736	631	13-33																			0.1715686275	0.8107843137	0.8725490196	56	0.5860729942
DYE	157	DYE	färben::V	967	0.364453983247938	0.113342988263573	13.6107344602661	1.03306486110347	632	6-39																			0.2154340836	0.8565916399	0.8022508039	35	0.5391547425
		COUNT_(NUMBER)	Anzahl::N	254	0.259285594118209	0.129128075890592	12.6698011444688	1.03362307974049	633																								
		STROKE_(OF_PEN)	Strich::N	262	0.243696640923634	0.102158689167166	12.5322184543629	1.03389486860502	634																								
CHANGE	1264	CHANGE	ändern::V	839	0.43964010808801	0.102198516202655	14.2982806445265	1.03415196717344	635	12-93																			0.2665406427	0.8508506616	0.8298676749	49	0.5178908555
GRASP	2021	GRASP	ergreifen::V	848	0.353359937188941	0.089131926170731	13.5244620037189	1.03442225690185	636	11-14																			0.0295130349	0.8589768815	0.8930152484	50	0.7444406105
BEGIN	1806	START	beginnen::V	683	0.382892353338792	0.103303917851235	13.7903230871974	1.03442919071483	637	14-25																			0.1341681574	0.7846153846	0.85509839	50	0.5809068022
		BRAWL	sich schlagen::V	930	0.338458133307062	0.114554963396895	13.3926269281803	1.03465037284168	638																								
HANDLE	1254	HANDLE	Griff::N	332	0.17948496894871	0.130724160357603	11.9678806494146	1.03525159288762	639																								
PUT ON	158	PUT_ON	anziehen::V	977	0.259073498444106	0.119639858454875	12.6907770999698	1.03591156139729	640	6-11																			0.070754717	0.8668763103	0.8165618449	50	0.6577738183
BATHE	138	BATHE	baden::V	974	0.469840654303032	0.1094274616921	14.5930497456514	1.03644838569241	641	4-69																			0.1153846154	0.8527472527	0.7692307692	49	0.5802717992
		SOUND_(OF_INSTRUMENT)	klingen::V	725	0.294031588745269	0.090767492110924	13.0201014833496	1.03738171846422	642																								
		NEWS	Neuigkeit::N	229	0.407005435417641	0.097094490229331	14.0410800778706	1.03780311591118	643																								
BUTTON	757	BUTTON	Knopf::N	368	0.269780214049517	0.124147116630964	12.8162570191703	1.03882350927246	644	6-62																			0.5852272727	0.7522727273	0.9602272727	45	0.2996122365
MORNING	1339	MORNING	Morgen::N	451	0.318510622866156	0.105088759052755	13.2554502403959	1.03888546346005	645	14-44																			0.1447368421	0.8118421053	0.8289473684	41	0.5755701906
APPLE	1320	APPLE	Apfel::N	172	0.374104904777194	0.085886426656347	13.7646136489288	1.03976695059341	646	8-99905																							
CORRECT (RIGHT)	1725	CORRECT_(RIGHT)	richtig::A	560	0.297385415670463	0.123118571829999	13.0798191255639	1.04033503845298	647	16-73									117	123	2.04	175	3.91						0.2656950673	0.8674887892	0.8834080717	50	0.5627320875
NAPE (OF NECK)	1347	NAPE_(OF_NECK)	Genick::N	18	0.322582308800067	0.085226414844313	13.3120200107915	1.04087792315908	648																								
TOMORROW	1329	TOMORROW	morgen::ADV	592	0.303997742099242	0.121271341647172	13.1472799549018	1.04113002760086	649	14-48																			0.0602409639	0.8156626506	0.8855421687	42	0.6787914031
WORLD	965	WORLD	Welt::N	429	0.321329079477949	0.097650236969406	13.3094524347049	1.04174907194034	650	1-1																			0.4018867925	0.8369811321	0.858490566	48	0.4297685069
TURN (SOMETHING)	1445	TURN_(SOMETHING)	drehen::V	843	0.357703040645833	0.110050018453815	13.6402070032048	1.04208796373923	651																								
BE HUNGRY	1533	BE_HUNGRY	hungrig::A	553	0.376052050359222	0.108141023048085	13.8116290170821	1.0427160563849	652	5-14															7				0.0302197802	0.8043956044	0.7582417582	47	0.5914944975
		APPEAR	erscheinen::V	710	0.421646607937968	0.097790341545468	14.2269921690344	1.04321726975927	653																								
CAP	1288	CAP	Mütze::N	377	0.228248623986915	0.111918267858918	12.4930560859077	1.04388184700255	654	6-55																			0.4923076923	0.8	0.9307692308	65	0.378035503
		SLAB	Platte::N	301	0.303564870222838	0.115377828397199	13.1788565047039	1.04467726726983	655																								
		CUCKOO	Kuckuck::N	158	0.281044683268316	0.078447032071424	12.9764754912164	1.04470733418015	656																								
CHICKEN	1318	CHICKEN	Huhn::N	150	0.300903759345387	0.115914329937117	13.1562486253716	1.04481147912631	657	3-55																			0.3721227621	0.8882352941	0.915601023	39	0.5106331837
AIR	27	AIR	Luft::N	60	0.116320785259368	0.129826512032921	11.4968272062291	1.04499401388948	658	1-71																			0.4757281553	0.9150485437	0.9417475728	42	0.4517885071
BAY	663	BAY	Bucht::N	107	0.271120276124853	0.11723956130764	12.8902547670143	1.04501722818906	659	1-34																			0.3443396226	0.7905660377	0.8773584906	28	0.45477248
OWL	735	OWL	Eule::N	155	0.334215440434061	0.132872351117072	13.4613323316147	1.04533933677081	660	3-596																			0.1535087719	0.8087719298	0.9342105263	57	0.6395776636
		POUCH	Beutel::N	337	0.22343534502696	0.112928886545556	12.4924114211752	1.04814933159326	661																								
		DAMP	feucht::A	507	0.383861876123857	0.100187975756255	13.9453960661492	1.04906391810345	662																								
UP	1591	UP	hinauf::ADV	618	0.293975255303166	0.107924391178179	13.1494740705029	1.05036967727744	663	12-08																			0	0.8425925926	0.7835648148	44	0.6602259088
		FLIP	wenden::V	844	0.377152308582837	0.121234934006708	13.8991463003295	1.0504775523084	664																								
TRUTH	1638	TRUTH	Wahrheit::N	224	0.373806386077767	0.108395336675041	13.8697974868827	1.05055400121828	665																								
		ADD	hinzufügen::V	884	0.33441178543707	0.11715955823317	13.523297222192	1.05135911532584	666																								
EXPENSIVE	1426	EXPENSIVE	teuer::A	533	0.3153655323693	0.152889211833502	13.3529906941602	1.05147009028365	667	11-88																			0.2972972973	0.8054054054	0.7941787942	42	0.4494738712
		GAP	Abstand::N	263	0.302245522726558	0.115705711060345	13.2373651329435	1.05171554284045	668																								
		DROP_(MOVEMENT)	sinken::V	712	0.294837234442528	0.12290678030958	13.1729260886085	1.05193909786257	669																								
TENDON	1137	TENDON	Sehne::N	43	0.234180792419455	0.104457420921543	12.6359460691016	1.05283189373265	670																								
GROAN	716	GROAN	stöhnen::V	731	0.365776886879378	0.090409365369075	13.8212098857645	1.05292179038501	671	16-39																			0.1407185629	0.7952095808	0.8502994012	45	0.5810170902
SCRAPE	1767	SCRAPE	kratzen::V	852	0.262825012850724	0.104928352328228	12.9167810208992	1.05513559052427	672	5-48																			0.0927272727	0.8581818182	0.8854545455	53	0.6894192998
THOUSAND	1843	THOUSAND	tausend::NUM	674	0.338858474423365	0.0972412557623	13.6131340773278	1.05634078075175	673	13-106	210																		0.5813953488	0.8302325581	0.9476744186	43	0.3293540191
MEAL	1526	DISH_(FOOD)	Speise::N	349	0.237703429462091	0.129891418825968	12.7101138551319	1.05707829899731	674	5-41																			0.1383399209	0.8271848924	0.7913921827	50	0.5640665191
SOUTH	1595	SOUTH	Süden::N	296	0.305615747253489	0.09686389024365	13.3251195934723	1.05745778681909	675	12-48																			0.255952381	0.8023809524	0.8154761905	43	0.4868471446
THINK (REFLECT)		THINK_(REFLECT)	denken::V	993	0.338064097420765	0.14433439628399	13.623191371974	1.05806144951871	676	17-13	21								166	172	1.66	187	5.34						0.2251184834	0.7733017378	0.7837677725	54	0.4696471484
		PEOPLE_(SEVERAL)	Leute::N	243	0.343965856462313	0.108619211832649	13.67794816387	1.05822554557092	677																								
		WHITHER	wohin::FADV	649	0.197884662025601	0.106967786720087	12.363779454025	1.05828174957946	678																								
OWN	684	OWN	besitzen::V	1010	0.29025342969106	0.13611290877419	13.198553506695	1.05862726394755	679	11-12																			0.256097561	0.8179878049	0.8262195122	35	0.5027571536
		DROP_(OF_LIQUID)	Tropfen::N	86	0.290829993294674	0.125639506376789	13.212572805605	1.05951028659529	680																								
BORDER	2546	BORDER	Grenze::N	434	0.323697767399184	0.117862067269396	13.5136396833889	1.06003597767962	681	19-17																			0.4330125833	0.766765359	0.8612139156	48	0.374409572
BREAK (CLEAVE)	2558	BREAK_(CLEAVE)	zerbrechen::V	894	0.307281941701401	0.124791354205851	13.3679909635904	1.06024534882778	682																								
RIPE	178	RIPE	reif::A	517	0.305956079784173	0.15085553694109	13.3719376824717	1.06183329644141	683	5-123																			0.0945121951	0.8536585366	0.8536585366	49	0.6598587513
BLUNT	379	BLUNT	stumpf::A	499	0.352230024537302	0.12350001785579	13.795469392025	1.06253991711893	684	15-79	82								34	34	2.6	163	6.79						0.1202531646	0.7683544304	0.8670886076	40	0.5861149422
ELK	1772	ELK	Elch::N	143	0.395271929526813	0.118443671822167	14.1854288660126	1.06279815002713	685	3-872																			0.3055555556	0.8277777778	0.8472222222	19	0.4870220336
		HAPPINESS	Glück::N	214	0.336984826848818	0.104028012657521	13.6636439892133	1.0630780547574	686																								
POT	1462	POT	Topf::N	345	0.277821004651345	0.097686679184605	13.1442486013653	1.06438595595032	687	5-26																			0.3275563258	0.8388214905	0.9558058925	55	0.5391320677
		HANG	hängen::V	680	0.419135245042851	0.133024875146244	14.4203928192966	1.06481756139109	688																								
FENCE	1690	FENCE	Zaun::N	320	0.220997903900526	0.108462513136626	12.641133149356	1.06521520142513	689	8-16																			0.2682926829	0.8662020906	0.9425087108	49	0.5973680603
		GUARD_(SOMEONE)	bewachen::V	927	0.341466049375698	0.107100661729791	13.7269076133367	1.06537131689554	690																								
LOCK	1596	LOCK	Schloss::N	333	0.298169840291862	0.126234603837944	13.3376788218522	1.06541502592255	691	7-23																			0.5064935065	0.8228571429	0.8636363636	43	0.3507100692
WATCH	1650	WATCH	ansehen::V	802	0.264664972762211	0.116232255396013	13.0369659502781	1.06549811954182	692																								
		CRADLE	Wiege::N	313	0.262952898098496	0.133574673142808	13.0249952318527	1.06584191489662	693																								
SHIRT	1622	SHIRT	Hemd::N	372	0.292842751618722	0.10600824549524	13.2991009532376	1.06635161886691	694	6-44																			0.5060344828	0.8289655172	0.9353448276	52	0.3830053559
		AT_FIRST	zuerst::ADV	600	0.38049837620279	0.099854658091619	14.0984260057664	1.06739406199413	695																								
FOOD	256	FOOD	Nahrung::N	348	0.204316704923347	0.095781016442744	12.5267426677333	1.06878923234232	696	5-12																			0.1746031746	0.8161579162	0.7456247456	54	0.5022932065
DESTROY	681	DESTROY	zerstören::V	896	0.386245903701415	0.094560087881304	14.1662415265724	1.06900283932597	697	11-27																			0.1788461538	0.7892307692	0.7798076923	50	0.5053776769
		ITEM_(TOUCHABLE)	Gegenstand::N	270	0.272305938919735	0.135262012108824	13.1418726456667	1.0691119195389	698																								
WEAK	1601	WEAK	schwach::A	539	0.397123966919313	0.110359884913346	14.2725321113038	1.069841640903	699	4-82																			0.1715063521	0.7898366606	0.8039927405	52	0.5261124731
SQUIRREL	1628	SQUIRREL	Eichhörnchen::N	142	0.396600813590941	0.101958431896683	14.2692687973048	1.06998614749863	700	3-869																			0.2302631579	0.8105263158	0.8815789474	38	0.5500100233
FLOWER	239	FLOWER	Blume::N	109	0.282048942735364	0.106304820267947	13.2454711316812	1.07070306470629	701	8-57	116								54	55	5.77	101	2.29	0.17566	11				0.2512562814	0.8824120603	0.959798995	51	0.6341396637
JOY	2524	JOY	Freude::N	212	0.365424319615964	0.120575816610821	14.000866316027	1.07120474394833	702																								
HUNT	1435	HUNT	jagen::V	949	0.363104821028498	0.120376609144619	13.9822924467788	1.07143490575223	703	20-61	69								76	80	2.49	167	3.33	0.17168					0.0952088452	0.7726453726	0.8331285831	46	0.5824257785
		PATTERN	Muster::N	279	0.262935401484731	0.128084075866794	13.090204145438	1.07237855320754	704																								
NORTH	1598	NORTH	Norden::N	295	0.43751919557882	0.092102778518141	14.6678287644452	1.07301560042358	705	12-47																			0.2048192771	0.778313253	0.8012048193	42	0.4958654184
NEAR	1942	NEAR	nah::A	574	0.375554939518794	0.118145254465519	14.1160677368041	1.0736073281135	706	12-43	179								102	107	3.09	149	4.86		10				0.1172839506	0.8037037037	0.8981481481	44	0.6371841606
KISS	578	KISS	küssen::V	904	0.303075446311017	0.109551258496895	13.4668995147875	1.07392204979883	707	16-29																			0.1961325967	0.8276243094	0.817679558	49	0.5440023772
CLOSED	589	CLOSED	geschlossen::A	513	0.377923152111742	0.122937455623079	14.1469227053279	1.07456143363222	708																								
CRAWL	96	CRAWL	kriechen::V	767	0.352426030325535	0.114336966174895	13.919031448169	1.07471971752392	709	10-41																			0.1125	0.8175	0.8375	43	0.6076324219
BROOM	245	BROOM	Besen::N	323	0.351966657563153	0.125365402281153	13.9343051393942	1.07666052213258	710	9-38																			0.1772151899	0.8316455696	0.7658227848	41	0.5240259898
		SMOKE_(EMIT_SMOKE)	rauchen::V	698	0.39681687891739	0.116010161274008	14.3451181997263	1.07737662894698	711																								
		SNAP_(INTO_BITS)	reißen::V	707	0.334257884834212	0.121931099823098	13.7834222396413	1.07751012761334	712																								
SLEDGE	368	SLEDGE	Schlitten::N	289	0.325365985807897	0.104528766688535	13.7057438572915	1.07774499850204	713	10-79																			0.4318181818	0.8363636364	0.9090909091	22	0.4320060105
		COOL	kühl::A	505	0.344065069361336	0.132448521239808	13.8795003035713	1.07829146793193	714																								
		CALCULATE	rechnen::V	1005	0.339585460114743	0.108708996348026	13.8393050293449	1.07830358883122	715																								
KEEP	1477	KEEP	aufbewahren::V	876	0.330517609580422	0.097847469914023	13.7684486991605	1.07937902129367	716	11-17																			0.1489841986	0.8320541761	0.8058690745	49	0.5706288414
FEED	739	FEED	füttern::V	955	0.33544599592866	0.114467926282154	13.8130794646719	1.0794065501314	717																								
		SHOVE_(SOMEONE)	stoßen::V	937	0.218246743076264	0.113947248240778	12.7613337681711	1.07971130804847	718																								
THUNDER	1150	THUNDER	Donner::N	84	0.334643830566371	0.107166919634531	13.8123873650431	1.08005928899457	719	1-56	134																		0.1042471042	0.8297297297	0.8233590734	47	0.6119474762
MERRY	1976	MERRY	lustig::A	551	0.446745081791429	0.084828018138098	14.8228343571467	1.08021286210238	720																								
PRECIPICE	618	PRECIPICE	Abhang::N	99	0.267031309404792	0.11726368259966	13.2092188188752	1.08059370342321	721	1-222																			0.1657608696	0.8684782609	0.9402173913	50	0.6812049402
BREATH	870	BREATH	Atem::N	49	0.291175848149111	0.119123246866445	13.4301273161089	1.08095446827669	722																								
AGAIN	204	AGAIN	wieder::ADV	628	0.190555125782458	0.118148125774172	12.5298542400381	1.0814858107996	723	14-35																			0.1125611746	0.7959216966	0.8384991843	55	0.5922586512
PERSON	683	PERSON	Mensch::N	192	0.237599571587323	0.1265065234641	12.9592194311833	1.08208232868974	724	2-1	53	31	18	28.7	28	372.306	59	64	111	116	4.83	113	4.81	0.20129	9				0.3229927007	0.9299270073	0.9343065693	51	0.5882089313
		SHIVER	frieren::V	811	0.363877433382768	0.095242216159579	14.0979103721744	1.08230134717295	725																								
HELP	1897	HELP	Hilfe::N	250	0.32585747961071	0.111526791222944	13.7708247927926	1.08381074762962	726	19-58																			0.218579235	0.8142076503	0.8142076503	47	0.5180304698
		PRODUCE	herstellen::V	835	0.36018149296868	0.088535673114354	14.081382067893	1.08397486311749	727																								
ABOVE	1741	ABOVE	oben::ADV	617	0.249992621660615	0.123610097135801	13.0900222935714	1.08400886986259	728	12-081	175																		0.0313088512	0.813653484	0.8222693032	46	0.648095338
UNDERSTAND	1536	UNDERSTAND	begreifen::V	997	0.316705371011824	0.104333519131099	13.6949319844908	1.08445836453844	729	17-16																			0.2883483719	0.8458218909	0.7610827776	50	0.4581189564
SIXTY	1718	SIXTY	sechzig::NUM	669	0.517538055494283	0.081421658119328	15.5064217457381	1.08485792462895	730																								
CLIMB	1102	CLIMB	klettern::V	765	0.332212023400152	0.118493696996065	13.8472570411044	1.0857348830503	731	10-472	172																		0.0463483146	0.8168539326	0.8370786517	44	0.6520793556
TEAR (SHRED)	1735	TEAR_(SHRED)	abreißen::V	855	0.330097096514041	0.125411775637833	13.8317503998906	1.08608765312642	732																								
		DRAW_(WITH_PEN)	zeichnen::V	1008	0.33668336756037	0.113857136083846	13.9105429109974	1.08803926029541	733																								
COLLAR	2012	COLLAR	Kragen::N	373	0.338602036306644	0.097068648943695	13.9304149015982	1.08829965748384	734	6-45																			0.3703703704	0.8057613169	0.8641975309	44	0.4384343699
BEHIND	1686	BEHIND	hinter::PRP	631	0.255885237128046	0.119417423141424	13.1913088668573	1.08883417327048	735	12-011																			0.0245398773	0.772392638	0.7903885481	48	0.5955089388
JAW	798	JAW	Kiefer[Anatomie]::N	15	0.331061258013588	0.114719008103631	13.8710818296235	1.08915305075012	736	4-207																			0.13125	0.835	0.86875	45	0.6301966797
PRESERVE	1997	PRESERVE	bewahren::V	890	0.408473770087565	0.094373878673425	14.5829890556644	1.09067251248763	737	11-24																			0.2414578588	0.7876993166	0.7448747153	46	0.4450649711
		REVOLVE	sich drehen::V	693	0.312506302887146	0.100071275974691	13.71950613415	1.09069494081657	738																								
LAZY	1564	LAZY	faul::A	545	0.378953922546607	0.095708499238781	14.3218210670512	1.09112357641317	739	4-92																			0.2352071006	0.8100591716	0.8934911243	59	0.5535423248
BED	1663	BED	Bett::N	314	0.272928190211302	0.118122487443218	13.3677251492555	1.09113714373537	740	7-42																			0.3861386139	0.8356435644	0.9207920792	52	0.4723380837
DOWN	1326	DOWN	hinab::ADV	616	0.288233541448703	0.106533607372644	13.5169824934451	1.09228806204067	741	12-03																			0.0477748691	0.8405759162	0.7722513089	44	0.6181234712
		HEIGHT	Höhe::N	282	0.396544711991255	0.118331358044758	14.5011361555198	1.09322337475985	742																								
SECOND	1384	SECOND	zweiter::A	580	0.377988608997975	0.111437890901277	14.3461769980496	1.09442795170678	743	13-36																			0.0810810811	0.8337837838	0.6148648649	39	0.4710969735
CLOTHES	1895	CLOTHES	Kleidung::N	371	0.328826015718308	0.099358855229167	13.9113560515386	1.09519219100738	744	6-12																			0.1971698113	0.8573584906	0.8047169811	50	0.5538973837
		CONVEY_(A_MESSAGE)	mitteilen::V	988	0.400989578443347	0.106171752248221	14.5609918641813	1.09520856581911	745																								
TELL	1711	TELL	erzählen::V	987	0.2856722836621	0.100302971454677	13.5254532460256	1.09544026930667	746	18-221																			0.1378555799	0.7855579869	0.7702407002	46	0.5216566327
THIRTY	1715	THIRTY	dreißig::NUM	666	0.473479350833483	0.091323075645726	15.2205677277065	1.09592535702052	747	13-99906																							
PAINTING	2001	PAINTING	malen::V	1007	0.352402041644518	0.115363464906533	14.133426333408	1.09618079586074	748																								
GET TIRED	1996	GET_TIRED	müde werden::V	739	0.348314628039081	0.092465104758099	14.1011513536721	1.09663197013204	749																								
		TALK_(TO_SOMEONE)	reden::V	983	0.257579957576169	0.119446103701803	13.2846020229693	1.09663824047838	750																								
SPRING (OF WATER)	849	SPRING_(OF_WATER)	Quelle::N	100	0.198550796295357	0.116298734470315	12.7581776348306	1.09712204681724	751	1-9991																							
ROOSTER	1511	ROOSTER	Hahn::N	151	0.347888417261404	0.100688712020623	14.1109459687333	1.09799502133807	752																								
NAKED	590	NAKED	nackt::A	555	0.329295093132639	0.109241130409445	13.9464266631828	1.0982770824989	753	4-99																			0.0784313725	0.8264705882	0.8382352941	52	0.63844138
		WASH_(ONESELF)	sich waschen::V	975	0.393604529485239	0.113846150372483	14.5274568229243	1.09850160575572	754																								
		ENCOUNTER	treffen::V	919	0.36009963729976	0.110890565875042	14.24832726443	1.10074305287322	755																								
		STOP_(OF_MOVEMENT)	anhalten::V	776	0.267528359493358	0.101797728681313	13.4186310164411	1.10108757810009	756																								
REPAIR	2243	REPAIR	reparieren::V	837	0.403680412576849	0.106548672771619	14.6525587018883	1.10194349886966	757																								
GIRL	1646	GIRL	Mädchen::N	197	0.307271991884956	0.094118872491258	13.7977209464378	1.10322730194732	758	2-26																			0.1424485126	0.8794050343	0.76201373	48	0.5746612968
HOW MUCH	531	HOW_MUCH	wieviel::FNUM	652	0.28042273019206	0.104098047066079	13.5695020316612	1.10456974599327	759	17-63																			0.0541666667	0.8333333333	0.8	46	0.6305555556
CAVE	1155	CAVE	Höhle::N	98	0.259866148466994	0.111485559809223	13.3931456291356	1.10543502929326	760	1-28																			0.1950549451	0.8054945055	0.8681318681	49	0.5628783154
PICTURE	2401	PICTURE	Bild::N	334	0.219016827585627	0.10570445884574	13.03467418005	1.10635227317794	761																								
		JOG	rütteln::V	867	0.337684820715627	0.108010641849089	14.1103695921374	1.10712062056967	762																								
		CHANGE_(BECOME_DIFFERENT)	wechseln::V	685	0.41166125571808	0.112817473035789	14.7921465198862	1.10871952184235	763																								
		SCARF	Tuch::N	389	0.223974516577038	0.124770224188693	13.1202872500358	1.11045166008425	764																								
PALM OF HAND	1183	PALM_OF_HAND	Handfläche::N	29	0.406153918065328	0.11133917574303	14.7665715362333	1.11111862736454	765	4-331																			0.1098901099	0.8384615385	0.7252747253	46	0.541289142
WINDOW	1375	WINDOW	Fenster::N	317	0.319820643660767	0.105959596753098	14.0102303793487	1.11318445864018	766	7-25																			0.5680147059	0.8183823529	0.9053308824	47	0.3200608496
SPARK	518	SPARK	Funke::N	69	0.33991734694736	0.12286695431449	14.1911431189886	1.11318869964624	767																								
RAISE (A CHILD)	2134	RAISE_(A_CHILD)	aufziehen::V	912	0.317757413346047	0.103481809100313	13.9951061655336	1.11352894454192	768	8-99962																							
MOSQUITO	1509	MOSQUITO	Mücke::N	168	0.322526129736169	0.133093969043226	14.0466973440195	1.1143962176394	769	3-832	109																		0.2159090909	0.8170454545	0.9318181818	45	0.5969580555
BEFORE	1882	BEFORE	vorher::ADV	599	0.271337076940842	0.114957597977457	13.5907635142313	1.11487298217638	770	12-04																			0.0951219512	0.8317073171	0.8243902439	42	0.6204308991
TRUE	1657	TRUE	wahr::A	562	0.330681741249102	0.099123153541841	14.1249596871121	1.11488240158702	771	16-66	166																		0.2285714286	0.836	0.8676190476	51	0.5595399184
		MOOR	Moor::N	91	0.278254012908095	0.113001419829916	13.6545846106538	1.1150298494481	772																								
CLEAN (SOMETHING)	2235	CLEAN_(SOMETHING)	reinigen::V	968	0.37259310463286	0.140864619065018	14.5100435760469	1.11567056343512	773																								
THIRD	1859	THIRD	dritter::A	581	0.526076084360203	0.078233896431761	15.8951934885811	1.11605087293393	774	13-42																			0.0845070423	0.814084507	0.5915492958	36	0.4408749661
GRANDFATHER	1383	GRANDFATHER	Großvater::N	199	0.26206262224806	0.09291262236766	13.5260053065748	1.11674417063423	775	2-46																			0.2668439716	0.8262411348	0.8271276596	58	0.5010438857
DISAPPEAR	485	DISAPPEAR	verschwinden::V	711	0.404331118613236	0.092666344254408	14.8109224877705	1.11719424202514	776	10-491																			0.1333333333	0.8222222222	0.8111111111	48	0.5779917695
WHY	1270	WHY	warum::FADV	651	0.218476568669666	0.105051889478101	13.1501404785085	1.11838513604815	777																								
WAKE UP	1602	WAKE_UP	aufwachen::V	742	0.338762390090255	0.089748760414698	14.2344028342897	1.11855413234774	778	4-63																			0.1065088757	0.7885601578	0.8106508876	47	0.5711615134
		SWING_(MOVEMENT)	schwingen::V	695	0.33706570580277	0.106094244586657	14.2204096557595	1.11868183035346	779																								
		FAMILIAR	bekannt::A	570	0.348963580502119	0.107296665832707	14.3415311366017	1.12008589120826	780																								
		BOSS	Chef::N	418	0.343305104477564	0.095984700009435	14.2931042721629	1.12033583318648	781																								
DISEASE	1986	DISEASE	Krankheit::N	394	0.222062479076879	0.117094910558836	13.2028402517869	1.12042779400949	782	4-844																			0.3382352941	0.8037815126	0.7794117647	48	0.4145802136
PILLOW	1044	PILLOW	Kissen::N	388	0.30895151582486	0.100300640975856	13.9860455309451	1.12054818885213	783	7-421																			0.255952381	0.830952381	0.9047619048	42	0.5593854605
FORK	1302	FORK	Gabel::N	326	0.331900434418648	0.091885113030615	14.2083689008593	1.12212649910915	784	5-39																			0.543902439	0.74	0.8756097561	42	0.2955289709
COAST	1525	COAST	Küste::N	104	0.364294803676157	0.10976678319126	14.5067667903561	1.12281135572707	785																								
SEEM	1521	SEEM	scheinen::V	808	0.375051536543341	0.11528268392754	14.6087015462492	1.12332377173591	786	17-18																			0.1033464567	0.811023622	0.7460629921	45	0.5425423828
		SIZE_(OF_OBJECT)	Größe::N	280	0.307180511936202	0.12670102961858	14.0041382272298	1.1239513619804	787																								
		ELEVATION	Anhöhe::N	95	0.260848747209739	0.109626048941282	13.5919222163023	1.12442834914146	788																								
		BACK_(DIRECTION)	zurück::ADV	614	0.31627851211663	0.106324236552592	14.098218102669	1.12517114936193	789																								
		DECREASE	abnehmen::V	713	0.357932231165842	0.105775857880117	14.4752433507844	1.12538532702918	790																								
KNOCK	2396	KNOCK	klopfen::V	860	0.251220130120564	0.103585747270926	13.5237459885233	1.12627648174382	791																								
FIGHT	1423	FIGHT	Kampf::N	438	0.326964965795385	0.14482806449436	14.2093398896383	1.12666551974798	792	20-11									48	48	2.58	164	4.21						0.1323529412	0.8188854489	0.7213622291	60	0.5125304255
GRIEF	1668	GRIEF	Kummer::N	215	0.205853439964006	0.103454012092998	13.119807099125	1.12671261394489	793	16-32																			0.3373702422	0.7757785467	0.7871972318	53	0.4046618468
		COMPANION	Kamerad::N	252	0.307659206311143	0.101241393342781	14.0363670619729	1.12674342051726	794																								
FORGET	1523	FORGET	vergessen::V	1002	0.375611192242865	0.112414306236717	14.6606655575008	1.1280164827315	795	17-32																			0.0708661417	0.868503937	0.7726377953	44	0.6234850245
		SHINE_(OF_METAL)	glänzen::V	717	0.346567805918329	0.105320006630208	14.4089008722131	1.12897906189482	796																								
		SUPPORT_(OF_OBJECT)	Stütze::N	302	0.247965954690011	0.120975314819851	13.5542387200532	1.13225451278431	797																								
ENDURE	833	ENDURE	ertragen::V	1016	0.22069412052908	0.117478382907648	13.3116750891159	1.13254280043542	798																								
		FORWARD	vorwärts::ADV	612	0.374728792725412	0.104698957173945	14.700861388427	1.13283022538982	799																								
BEAUTIFUL	1427	BEAUTIFUL	schön::A	501	0.199575880566767	0.102211738073326	13.1248974682816	1.13287145431807	800	16-81																			0.2170283806	0.8544240401	0.83639399	55	0.5595390266
		DEPART	abfahren::V	775	0.26249317490795	0.112662353269882	13.6942923902578	1.13318538160862	801																								
GRANDMOTHER	1496	GRANDMOTHER	Großmutter::N	200	0.23673494188075	0.102532171921662	13.4720922940756	1.13414778171488	802	2-47																			0.2714521452	0.8409240924	0.8242574257	59	0.5049841503
FAMILY	194	FAMILY	Familie::N	198	0.375886752650677	0.096491709407617	14.7282773405758	1.13452965667197	803	2-82																			0.4197154472	0.8382113821	0.8556910569	48	0.4162090859
		TURN_AROUND_(SOMETHING)	umdrehen::V	845	0.333104990160204	0.108467173290668	14.3617082179151	1.13637633064733	804																								
GUN	1566	GUN	Gewehr::N	441	0.254126240580315	0.130038513808161	13.6631854692817	1.13760493040588	805	20-28																			0.5909090909	0.8343434343	0.9494949495	51	0.3240838133
BETWEEN	689	BETWEEN	zwischen::PRP	635	0.25141307682152	0.128438776576547	13.6394224841561	1.13767047927624	806																								
BUCKET	2052	BUCKET	Eimer::N	340	0.162318953855811	0.108609452081823	12.8407214117034	1.13798508270011	807	9-99903																							
ROUND	1395	ROUND	rund::A	496	0.379079728005735	0.104475792097634	14.7942515106248	1.13825339585732	808	12-81			98	17.9	76	525.012	91	69		129					12				0.1819852941	0.8702205882	0.8621323529	49	0.6137117075
POOR	1674	POOR	arm::A	568	0.257183983902098	0.116336659416514	13.7069126120795	1.13922567569606	809	11-52																			0.4461414791	0.8446945338	0.9011254019	55	0.421583648
LEAD (GUIDE)	43	LEAD_(GUIDE)	leiten::V	913	0.442571876734593	0.107912817238868	15.3756157255078	1.13924688348965	810	10-64																			0.1570512821	0.8427350427	0.7425213675	45	0.5274741288
SPEECH	1115	SPEECH	Rede::N	232	0.141043698456431	0.146745904742381	12.6732691970818	1.14038759109739	811	18-222																			0.3357843137	0.8066176471	0.75	40	0.4018260705
SPOIL (SOMEBODY OR SOMETHING)	92	SPOIL_(SOMEBODY_OR_SOMETHING)	verderben::V	892	0.281650647542965	0.105945871576785	13.9468778041043	1.14120219762176	812																								
TASTE (SOMETHING)	21	TASTE_(SOMETHING)	probieren::V	805	0.317205246824272	0.105926179545224	14.2669624268315	1.1412115205413	813																								
BREATHE	1407	BREATHE	atmen::V	735	0.354907303287555	0.11742678228791	14.6092734227535	1.14151076931655	814	4-51	28								19	19	3.83	133	2.48	0.17578					0.125	0.7876923077	0.7	45	0.4824615385
TROUSERS	809	TROUSERS	Hose::N	375	0.3540160220183	0.074260948943987	14.6073128768	1.14211686786353	815	6-48																			0.564516129	0.8139784946	0.935483871	47	0.3316051828
MAINLAND	166	MAINLAND	Festland::N	105	0.279949144673142	0.11862706255431	13.9473067300936	1.14277644280354	816	1-26																			0.4232245681	0.8199616123	0.7480806142	29	0.3537925425
IDOL	1945	IDOL	Figur::N	335	0.333001790883298	0.100549245396623	14.4260754773857	1.1429059359436	817	22-37																			0.375	0.8020833333	0.8229166667	27	0.4125298394
VISIBLE	1868	VISIBLE	zu sehen sein::V	809	0.369492673912421	0.125416876129958	14.7587447881824	1.14333107229706	818																								
CHEAP	1887	CHEAP	billig::A	532	0.282542334289783	0.104313662462181	13.9852752112559	1.14423942026478	819	11-89																			0.4268774704	0.8213438735	0.8122529644	44	0.3823523891
		PIKE_(FISH)	Hecht::N	162	0.355588788701922	0.11600257119632	14.64699761878	1.14466985204627	820																								
ANIMAL	619	ANIMAL	Tier::N	132	0.281229226582047	0.094337207370389	13.983764402031	1.14527013627926	821	3-11									3	3	4.96	108	3.4	0.1819					0.4561403509	0.8296296296	0.8976608187	50	0.4050264279
		PERCH_(FISH)	Barsch::N	161	0.317460525341592	0.105834535591988	14.3253590920454	1.1468214363971	822																								
TASTY	1813	TASTY	lecker::A	518	0.326478854251702	0.101261102944603	14.4092483623236	1.14709386740583	823																								
BOX	1465	BOX	Kiste::N	316	0.146990004890674	0.091031925251585	12.7969845927766	1.14740745487605	824																								
FORTY	1716	FORTY	vierzig::NUM	667	0.458620336347084	0.097739821633678	15.6041931318204	1.14766101046966	825																								
CHARACTER	1024	CHARACTER	Buchstabe::N	409	0.22735547605445	0.116443939174272	13.523877123509	1.1477677839019	826																								
DRESS UP	814	DRESS_UP	sich anziehen::V	978	0.433109067690249	0.092457224292489	15.3792351647018	1.14812535554896	827																								
STUPID	1518	STUPID	dumm::A	544	0.285713306197566	0.113554858131308	14.0829385562979	1.15115188005198	828	17-22																			0.360619469	0.8053097345	0.9269911504	62	0.4773071553
MISTAKE	1293	MISTAKE	Fehler::N	442	0.294545073094863	0.122704970393061	14.1666527358634	1.15157470780097	829	16-77																			0.1910669975	0.7980148883	0.7444168734	44	0.4805513
BOY	1366	BOY	Junge::N	196	0.225813211171043	0.112184940360895	13.5541038878391	1.15217849872997	830	2-25																			0.1696428571	0.8642857143	0.7380952381	49	0.5297057216
BOOT	585	BOOT	Stiefel::N	379	0.209376663831024	0.09889350281174	13.4178082143607	1.15334182398815	831	6-52																			0.6744966443	0.75950783	0.9217002237	46	0.2278648929
ONION	2366	ONION	Zwiebel::N	174	0.252084089754201	0.118835177188232	13.8064509811807	1.15376941733929	832	8-99935																							
JOIN	1743	JOIN	vereinigen::V	917	0.409708858018034	0.092332254735176	15.2323841381532	1.15450044159909	833	12-22																			0.1733067729	0.8613545817	0.7868525896	46	0.5602988437
		MESSAGE	Nachricht::N	228	0.263487366047381	0.10860725162881	13.9219187535932	1.15505324591668	834																								
WEATHER	952	WEATHER	Wetter::N	73	0.160355093748528	0.135478400681887	13.001029601	1.15578337572632	835	1-78																			0.3631944444	0.8252777778	0.85	39	0.4467102527
DECORATE	1739	DECORATE	schmücken::V	980	0.313543454859888	0.119901236813761	14.3812252185295	1.15593341247906	836																								
		DISTANCE	Entfernung::N	264	0.364812128686069	0.10796895327626	14.8539880918678	1.15706789336932	837																								
POINTED	372	POINTED	spitz::A	497	0.314955034520299	0.096254084948145	14.4084628220386	1.15738675113559	838	12-352																			0.1469387755	0.813877551	0.7979591837	45	0.5540129912
		DAMAGE_(HARM)	Schaden::N	444	0.193552170343205	0.133937058987191	13.3221244353119	1.15801549022231	839																								
		BUDGE	sich rühren::V	753	0.344892124583602	0.109013674085703	14.6847983186252	1.15807691973728	840																								
DOLL	1659	DOLL	Puppe::N	336	0.19363069526928	0.132748976719315	13.3244260038321	1.15817497464086	841																								
		AMOUNT	Menge::N	284	0.218688285760531	0.134124102693024	13.5767040789382	1.16085095070934	842																								
INCREASE	1041	INCREASE	zunehmen::V	714	0.288097405832449	0.123905441976673	14.2137015349346	1.16208248824426	843																								
COOK (SOMETHING)	1100	COOK_(SOMETHING)	zubereiten::V	960	0.334603575465516	0.110530579711114	14.6382325009697	1.16268003217801	844	5-21	39																		0.1828621908	0.8229681979	0.8012367491	53	0.5388144313
		PREPARE	vorbereiten::V	788	0.422636261768872	0.114217883615746	15.4321837360838	1.16284573801639	845																								
ELBOW	981	ELBOW	Ellenbogen::N	27	0.370591932368465	0.104614816742376	14.9672507106593	1.16319233193431	846	4-32																			0.0852272727	0.8136363636	0.8465909091	44	0.6301111418
QUIET	1314	QUIET	Ruhe::N	242	0.351702275027322	0.120328641765491	14.8191635448201	1.16538430695743	847	15-46																			0.1632443532	0.754825462	0.8911704312	52	0.5628672258
		RING_(SIGNAL)	klingeln::V	721	0.357613953839008	0.110490576893504	14.8919707681857	1.16734451836346	848																								
WEEK	1469	WEEK	Woche::N	455	0.284790230508628	0.104074418309831	14.2366216121578	1.16735095375801	849	14-61																			0.6305555556	0.7944444444	0.9333333333	48	0.273936214
THIN (SLIM)	1400	THIN_(SLIM)	schlank::A	541	0.313085537822125	0.112503324688078	14.5022891959328	1.16845193555337	850																								
ALWAYS	1676	ALWAYS	immer::ADV	604	0.254297709112509	0.106508154595812	14.002381777866	1.17137023958534	851	14-31																			0.2884615385	0.7817307692	0.8028846154	55	0.4465897211
FOR A LONG TIME	418	FOR_A_LONG_TIME	lange::ADV	586	0.374673188771142	0.112311830948721	15.1109347127713	1.1738876013831	852	14-332																			0.0825688073	0.8224770642	0.7798165138	39	0.5884231164
ALONE	1964	ALONE	allein::ADV	583	0.25323892661975	0.134714188848455	14.0296206285579	1.17504702889801	853	13-331																			0.1024096386	0.8024096386	0.7710843373	46	0.5553620492
SICK	1847	SICK	krank::A	554	0.231411834926919	0.101288997161805	13.8615049295181	1.17787984151758	854	4-84	160																		0.1779026217	0.8116104869	0.845505618	51	0.564140671
NOISE	1182	NOISE	Lärm::N	238	0.142625593552253	0.114392619244539	13.0693480860445	1.17857177440742	855																								
		INSTRUCT	unterrichten::V	911	0.325177728395068	0.108493021220481	14.7218797396279	1.17952801840723	856																								
BAG	2468	BAG	Tasche::N	339	0.115894533412234	0.124852730165216	12.8393399805271	1.1796289179817	857	6-99901																							
DONATE	196	DONATE	schenken::V	900	0.342823039021298	0.121210990599139	14.8855833720381	1.18001760208464	858																								
		MASTER_(TRADE)	Meister::N	419	0.377045565128088	0.093195771707677	15.2017772709778	1.1808367184825	859																								
		RUSTLE_(OF_LEAVES)	rauschen::V	724	0.387769167513308	0.107156787053133	15.3207177650123	1.18307952573925	860																								
DIRTY	1230	DIRTY	schmutzig::A	515	0.244428146255146	0.112768169539579	14.0468050495374	1.18469517332411	861	15-88	10								30	30	1.81	182	9.27						0.1337579618	0.7968152866	0.8248407643	55	0.5693338808
LAST (FINAL)	1529	LAST_(FINAL)	letzter::A	582	0.400802300844178	0.103627539342896	15.4580630158848	1.18508423082872	862	13-35																			0.1143958869	0.7594687232	0.7000856898	45	0.4708696715
OFTEN	1852	OFTEN	oft::ADV	603	0.355574822581524	0.10144437257183	15.0616651557698	1.18614917525361	863	14-32																			0.1485623003	0.8121405751	0.7875399361	57	0.544573709
ANT	587	ANT	Ameise::N	166	0.339446745975398	0.113591676630613	14.963839713399	1.19088189996204	864	3-817										207					12	0.716	71	1	0.12	0.851	0.975	51	0.730158
WHISTLE	1025	WHISTLE	pfeifen::V	729	0.417175788067426	0.089659704645689	15.6688438390612	1.19142617464544	865	18-17																			0.1421052632	0.8010526316	0.8263157895	48	0.5678597755
LIKE	1117	LIKE	mögen::V	790	0.298944123764779	0.109995113502746	14.6318888261385	1.19413917122555	866																								
POWER	2526	POWER	Macht::N	433	0.249882019271433	0.112135788910774	14.2365750773992	1.19876369039563	867	19-99931																							
		URGE_(SOMEONE)	antreiben::V	914	0.330273806272357	0.122357125417376	14.9792670482265	1.20068027917753	868																								
		ROAR_(OF_SEA)	brausen::V	723	0.23521687816149	0.124640439697987	14.1237727056826	1.20068208022292	869																								
SHOE	1381	SHOE	Schuh::N	378	0.219115368600122	0.118448073857596	13.9832473550384	1.20112090376373	870	6-51																			0.4516765286	0.7869822485	0.9506903353	52	0.4102426906
SWAY	573	SWAY	schwanken::V	694	0.28744921072728	0.107836974250512	14.5989033856628	1.20118604891173	871																								
WEST	1817	WEST	Westen::N	297	0.382318614531332	0.110939058221069	15.4574296508709	1.20165621200889	872	12-46																			0.2444444444	0.7733333333	0.7888888889	45	0.460944856
HURRY	754	MOVE_IN_HASTE	eilen::V	760	0.263935180602785	0.14077084154726	14.3956260647833	1.20202094393583	873	14-23																			0.1896272285	0.8100486224	0.8103727715	55	0.5319621938
		POWERFUL	kräftig::A	537	0.292710569143094	0.125852905748389	14.6753062383984	1.20409111161106	874																								
		BE_ILL	krank sein::V	746	0.325624806154798	0.099164352984511	14.9886026002779	1.20579793448847	875																								
		BE_ANNOYED	sich ärgern::V	795	0.371924999836739	0.09039870784928	15.4102820219578	1.20629570234272	876																								
DAMAGE	1116	DAMAGE	beschädigen::V	893	0.373001780202488	0.101575665202549	15.4277683016886	1.20707522798662	877	11-29																			0.253125	0.8	0.778125	46	0.4649296875
		VIOLENCE	Gewalt::N	437	0.398820097132739	0.108019713855099	15.6616671664241	1.20722862922294	878																								
		DISHWARE	Geschirr::N	342	0.301006834579537	0.095437211577694	14.7823800346897	1.20733185234738	879																								
		RIBBON	Band::N	381	0.119223810150239	0.110476760488495	13.1527552184612	1.20797409271091	880																								
		HARDLY	kaum::ADV	622	0.291631980876741	0.115247520445122	14.7069430059653	1.20822551780747	881																								
		DECEIVE	täuschen::V	942	0.250644189818079	0.121392200793499	14.340963373082	1.20851656647193	882																								
STORY	2060	STORY	Erzählung::N	227	0.262758628307581	0.112774698653625	14.4591273243962	1.20942996696279	883																								
		LEASH	Leine::N	386	0.175188514689875	0.121598403791199	13.6805258629245	1.21038292307156	884																								
BETRAY	1902	BETRAY	betrügen::V	943	0.297810087219836	0.108071582169941	14.7841688216325	1.2103878036654	885	17-441																			0.3620689655	0.8025862069	0.6961206897	42	0.3564100683
ENEMY	1358	ENEMY	Feind::N	436	0.303149969101151	0.11514836537867	14.8338800731342	1.21055303512238	886	19-52																			0.4456521739	0.8260869565	0.847826087	47	0.3882530616
PASTURE	649	PASTURE	Weide::N	401	0.339207079022846	0.103435174104549	15.1630181891449	1.21101544779393	887	3-16																			0.3583333333	0.8154166667	0.8375	43	0.4382015191
		GRUMBLE	schimpfen::V	794	0.245737518734878	0.109971859696702	14.3246150249292	1.21129773563153	888																								
TRY	1812	TRY	versuchen::V	787	0.18644210877182	0.122236423149297	13.7925573678613	1.21145783889149	889	17-48																			0.3535353535	0.8121212121	0.8282828283	51	0.4348548231
		SHRED	zerreißen::V	895	0.225980293976072	0.100541856848617	14.1499917232877	1.2116169077503	890																								
		MEANING	Sinn::N	222	0.179464742373346	0.11928800633598	13.7411251143416	1.21259424329815	891																								
		IMPROVE_(SOMETHING)	verbessern::V	838	0.418157842387761	0.134578088708708	15.9035442949205	1.21401237134307	892																								
TOGETHER	2482	TOGETHER	zusammen::ADV	585	0.233784555503375	0.113664199287644	14.2521394491898	1.21480784496594	893																								
CUP	476	CUP	Tasse::N	344	0.119502906219768	0.119104286530337	13.228429153131	1.21529029971531	894	5-35																			0.6153846154	0.798974359	0.9282051282	52	0.285235422
GENTLE	1954	GENTLE	sanft::A	552	0.222219944523973	0.114732469628629	14.1532971189031	1.21533176181874	895																								
		MAY	Mai::N	466	0.137706924810648	0.077435532476205	13.4031082729655	1.21637459496697	896																								
ONE TIME	374	ONE_TIME	einmal::ADV	601	0.238893493314943	0.114032219804928	14.3365831989875	1.2186541759153	897																								
EAST	1877	EAST	Osten::N	298	0.336803747010461	0.096778038707368	15.2392681914919	1.22080344683978	898	12-45																			0.2336956522	0.797826087	0.7880434783	46	0.4817921298
		HENCE	von hier::ADV	608	0.322395582949668	0.097403754493155	15.1229182414846	1.22213579949375	899																								
KICK	1135	KICK	treten::V	935	0.253674230910608	0.130263704029496	14.514426210311	1.22313581321155	900	10-431																			0.1398058252	0.8287378641	0.854368932	46	0.6090586652
COME BACK	581	COME_BACK	zurückkommen::V	781	0.328728164053659	0.095567374870963	15.1926036593636	1.22340501828806	901	10-481																			0.177480916	0.8145038168	0.8253816794	51	0.5529602741
SUCCEED	1112	SUCCEED	gelingen::V	818	0.305478924650905	0.121263018401669	14.9862878521514	1.22369775302932	902																								
RECOVER	1978	RECOVER	genesen::V	749	0.371951253657242	0.118175374112306	15.5860804021338	1.22385191192187	903																								
		BECAUSE_OF	wegen::PRP	636	0.184842450614573	0.143966204456688	13.9026748262672	1.2239092770736	904																								
GRAIN	605	GRAIN	Getreide::N	351	0.274595334873303	0.1006541561788	14.720602762435	1.22492447485753	905	8-42																			0.3909774436	0.884962406	0.9060150376	41	0.4883077372
		BUSINESS	Geschäft::N	423	0.241611000712102	0.127022764074481	14.4261728590835	1.22516738526746	906																								
		BENEFIT	Nutzen::N	427	0.117834357016573	0.125142942575664	13.3190351060873	1.22585258929381	907																								
		FORMER	ehemalig::A	565	0.263062029628962	0.119649482474421	14.6355365905931	1.22679783239324	908																								
VISIT	1377	VISIT	besuchen::V	918	0.390974906005443	0.096511369733334	15.7868921843512	1.22681180303022	909																								
		A_LITTLE	ein wenig::ADV	621	0.26781443155712	0.121481921162512	14.6841806296293	1.22738507456152	910																								
FALL ASLEEP	1106	FALL_ASLEEP	einschlafen::V	740	0.369276599838405	0.131942116298673	15.6038681137322	1.22803787151865	911																								
		ONCE_(IN_THE_PAST)	einst::ADV	596	0.344592291638736	0.097869726257977	15.3952520889466	1.22939214641979	912																								
FIFTY	1717	FIFTY	fünfzig::NUM	668	0.50104617480279	0.083476275037526	16.8086983532638	1.22992827800387	913	13-1043X	208																						
PROMISE	1675	PROMISE	versprechen::V	901	0.374120284783501	0.122051611309519	15.6771993087895	1.2310116745738	914	18-36																			0.3214285714	0.8155844156	0.7012987013	41	0.3881213406
LADDER	1464	LADDER	Leiter::N	322	0.277797240197781	0.114574309399548	14.8219153825754	1.23217402207954	915	7-37																			0.2288557214	0.8119402985	0.8756218905	51	0.5482471063
		DASH_(OF_VEHICLE)	sausen::V	762	0.305633044461328	0.115364019834351	15.0767853206167	1.23260879204647	916																								
		COLORFUL	bunt::A	531	0.351301257126319	0.097469075411392	15.5375204161149	1.2375809101978	917																								
GOOD-LOOKING	2410	GOOD-LOOKING	hübsch::A	542	0.166320890827303	0.111489242810016	13.8791455534772	1.23822575360314	918																								
STINGY	1774	STINGY	geizig::A	547	0.234180649109689	0.109103440975275	14.5062311332687	1.23986052912815	919	11-54																			0.2173913043	0.7700483092	0.8937198068	55	0.5385971161
		FAIRY_TALE	Märchen::N	226	0.296418149096431	0.10726203663517	15.0788897476405	1.24111264057726	920																								
HURRY	754	HURRY_UP	sich beeilen::V	761	0.355464747407911	0.085768608773585	15.6130538919588	1.24138711652876	921	14-23																			0.1896272285	0.8100486224	0.8103727715	55	0.5319621938
MUSHROOM	641	MUSHROOM	Pilz::N	173	0.266925684170647	0.136663627786108	14.8188539391496	1.24165227816137	922	8-98																			0.2666666667	0.8777777778	0.8777777778	46	0.5650288066
HINDER	554	HINDER	behindern::V	891	0.430377794833107	0.080679017406071	16.3017897858873	1.24283896323893	923																								
MIRROR	1171	MIRROR	Spiegel::N	383	0.365571530117616	0.101599141120567	15.7228126202388	1.24326688491802	924	6-96																			0.3971553611	0.8358862144	0.852297593	45	0.4294808737
		DISTURB_(SOMEONE)	stören::V	939	0.332493832184114	0.102252567680921	15.4481364877389	1.24556919980819	925																								
		ANNOY	ärgern::V	933	0.372328935185252	0.104729260259004	15.8139941936876	1.24630337770203	926																								
MEDICINE	1372	MEDICINE	Arznei::N	398	0.256892013312007	0.125363128073188	14.777170744916	1.2465142625108	927	4-88																			0.4215686275	0.8352941176	0.9019607843	54	0.4357916638
		GIFT	Geschenk::N	247	0.208325977398841	0.12970787072033	14.3445053977106	1.2469571601121	928																								
		NOTICE	bemerken::V	995	0.316066352248484	0.123867590737523	15.3555652433289	1.25109680730925	929																								
FEVER	1534	FEVER	Fieber::N	397	0.281932692007237	0.134084026634302	15.0545945869442	1.25172003588791	930	4-841																			0.3068435408	0.7980411604	0.8382097694	48	0.4636703063
		PART_WAYS	sich trennen::V	924	0.419964387350299	0.106407854169041	16.3069057661573	1.25272262800046	931																								
MIDDAY	12	MIDDAY	Mittag::N	452	0.415602061146956	0.109396937024054	16.2833309691104	1.25429124187878	932	14-45																			0.1032608696	0.7913043478	0.6358695652	47	0.4512089566
SAD	699	SAD	traurig::A	556	0.323505247306714	0.09003870669341	15.4546601587815	1.25431129330211	933																								
		DROP_(SOMETHING)	fallen lassen::V	833	0.320066987545975	0.103919531313339	15.428117256304	1.25475143683902	934																								
		WORKER	Arbeiter::N	417	0.433730186939185	0.116762980422859	16.4696496643	1.25660779818473	935																								
DEXTEROUS	1824	DEXTEROUS	geschickt::A	549	0.280826444029678	0.117949852966474	15.1450399795369	1.26176019832698	936																								
CLEVER	1310	CLEVER	klug::A	548	0.244015717364247	0.112238992411917	14.8297059446245	1.26335644883462	937	16-84																			0.2294407895	0.8490131579	0.8445723684	59	0.5525318349
SPIDER	843	SPIDER	Spinne::N	165	0.331327678343614	0.118714908764924	15.6370976949895	1.26551485898969	938	3-818	110																		0.2527472527	0.8461538462	0.9230769231	46	0.5836530334
SOON	703	SOON	bald::ADV	593	0.16753628076762	0.119256483011368	14.1842337081158	1.26764071812072	939	14-331																			0.0568181818	0.785	0.8022727273	44	0.5940009039
RULE	1846	RULE	beherrschen::V	1015	0.359447083691256	0.129511910454253	15.957376138698	1.27223523854767	940	19-31																			0.3755656109	0.8389140271	0.7036199095	42	0.3685890156
		PRECIOUS	wertvoll::A	534	0.362835160333501	0.120682252233895	15.9997944527782	1.27342780097767	941																								
		BACKWARD	rückwärts::ADV	613	0.248784843811461	0.127135116203673	14.9805989039353	1.27415353096322	942																								
HEALTHY	1364	HEALTHY	Gesundheit::N	393	0.417504396449363	0.115888789505218	16.5083739309632	1.27508343629189	943	4-83																			0.3545266068	0.8656530753	0.7781617139	46	0.4348025483
		NEXT_TO	neben::PRP	634	0.202049886587668	0.11999812939028	14.614407116091	1.2795958136802	944																								
		AHEAD	geradeaus::ADV	611	0.291933625008173	0.110910602477873	15.434445309143	1.28070426840694	945																								
BLANKET	806	BLANKET	Decke::N	387	0.152368559701297	0.129131836754729	14.2206195664836	1.28493025291719	946	7-422																			0.4782608696	0.7826086957	0.8792270531	54	0.3590038629
		WEALTH	Reichtum::N	428	0.315066932700422	0.126398254230442	15.7249059352342	1.28893035409304	947																								
EIGHTY	1722	EIGHTY	achtzig::NUM	671	0.479204579575238	0.100577842931716	17.2106045698292	1.28977633536521	948																								
MEET	1831	MEET	sich versammeln::V	920	0.324005622979321	0.128900028981647	15.8304450358892	1.29143944290753	949	19-65																			0.0754716981	0.7732704403	0.7429245283	59	0.5311244769
FAME	865	FAME	berühmt::A	571	0.317940023985511	0.13731226924058	15.8002588767984	1.29387986609288	950																								
		AT_THAT_TIME	damals::ADV	597	0.286413486186261	0.091142255008584	15.533638748915	1.29559173732387	951																								
DIVE	119	DIVE	tauchen::V	769	0.214260795451448	0.136567756531235	14.9168425498383	1.29884953907752	952	10-351																			0.1569037657	0.7644351464	0.8117154812	43	0.5231444532
		CATCH_FISH	fischen::V	950	0.356969828835775	0.116888248141706	16.2673521408866	1.30546236813646	953																								
AFTERWARDS	2093	AFTERWARDS	danach::ADV	598	0.173084676938692	0.119904557945682	14.6817699883296	1.31240078958814	954																								
IN VAIN	1765	IN_VAIN	vergebens::ADV	629	0.251029241687788	0.110863425110846	15.3863735642573	1.31271103890672	955	16-99902																							
PHYSICIAN	597	PHYSICIAN	Arzt::N	420	0.202952262459751	0.106400457251863	15.0352844277568	1.3208714065619	956	4-87																			0.5913043478	0.7904347826	0.8717391304	59	0.2816129366
		CAMPFIRE	Lagerfeuer::N	291	0.273507311465989	0.102949288404443	15.704260804125	1.32426950009311	957																								
		SEESAW_(ACTION)	schaukeln::V	766	0.255671858371812	0.093734796277187	15.5534758929558	1.32524291676094	958																								
BAD LUCK	56	BAD LUCK	Unglück::N	445	0.233815887090296	0.12058325031083	15.3600286751833	1.32556856913707	959	16-19																			0.2256097561	0.8012195122	0.6890243902	42	0.4275097122
		TRANSLATE	übersetzen::V	992	0.323101746711327	0.137041983795053	16.2009919932037	1.32930762728018	960																								
		STATE_(POLITICS)	Staat::N	431	0.316027626927505	0.103783882335187	16.1807597605757	1.33365111182281	961																								
SHOP	746	SHOP	Laden::N	424	0.092951390736478	0.115850768391396	14.192230694048	1.33556681774197	962	11-86																			0.7021276596	0.8031914894	0.920212766	50	0.2201595504
		TWINKLE	funkeln::V	718	0.315217113310022	0.106055713180781	16.4093042311444	1.35723502113542	963																								
MOUSTACHE	1165	MOUSTACHE	Schnurrbart::N	12	0.200811838739775	0.114840818112871	15.3997128411302	1.35924062924722	964																								
SEVENTY	1721	SEVENTY	siebzig::NUM	670	0.51391232443	0.08243442071339	18.2518554757485	1.36266445558785	965																								
CHURCH	1349	CHURCH	Kirche::N	414	0.258200135028835	0.100651658748697	15.9578941414353	1.36340929261758	966	22-131																			0.6584821429	0.7691964286	0.8325892857	43	0.2187164729
		RIDDLE	Rätsel::N	231	0.356137978931552	0.109246245892971	16.857578837308	1.36523370269241	967																								
		LATER	später::ADV	589	0.255803066371124	0.125543678743079	15.9596913893193	1.36574637919791	968																								
DILIGENT	2077	DILIGENT	fleißig::A	546	0.345369012891955	0.106365586523372	16.822169570026	1.37138484539984	969																								
FRIDAY	1692	FRIDAY	Freitag::N	478	0.391294175259344	0.072617889143175	17.2380780235627	1.37164304462286	970	14-67																			0.5731707317	0.8073170732	0.8292682927	41	0.2857547047
		COMPANIONSHIP	Gesellschaft::N	249	0.292073392540405	0.122373369956309	16.345666422588	1.37170058897243	971																								
REST	168	REST	sich erholen::V	744	0.284519710599987	0.101755360719681	16.2892661869363	1.37285887915364	972	4-912																			0.2118959108	0.8382899628	0.7546468401	47	0.498564791
TOE	1389	TOE	Zeh::N	33	0.303936129629587	0.124756153322898	16.4960358131306	1.37606106464643	973	4-38																			0.085106383	0.8042553191	0.6680851064	46	0.4915824047
		MARCH	März::N	464	0.110370926833719	0.082128391104864	14.7980267192711	1.38046883777676	974																								
		CONVERSATION	Gespräch::N	225	0.251761649578909	0.146094327713011	16.1720136466311	1.39061588004209	975																								
DIFFERENT	2504	DIFFERENT	verschieden::A	573	0.325033085071566	0.108609617028337	16.8555440437696	1.39302462781255	976																								
		BE_NOISY	lärmen::V	719	0.2350734320037	0.106825540562059	16.0695157002238	1.39538548121905	977																								
TWELVE	1707	TWELVE	zwölf::NUM	664	0.498055660390386	0.095975108493688	18.4959804506899	1.40134795071764	978	13-102																			0.2345679012	0.7765432099	0.6666666667	41	0.3962607326
		CHAT_(ACTIVITY)	sich unterhalten::V	984	0.37342092618006	0.101872728581733	17.4078493591897	1.40470610235691	979																								
ELEVEN	1706	ELEVEN	elf::NUM	663	0.427448132844053	0.099452427092034	17.9321657347252	1.40851325391288	980	13-101																			0.2317073171	0.787804878	0.6768292683	41	0.4096608798
REMEMBER	707	REMEMBER	sich erinnern an::V	1001	0.373632255501603	0.097484790985985	17.4507767910273	1.40880864915128	981	17-31																			0.1376651982	0.768722467	0.6629955947	50	0.439497218
		INSTANTLY	sofort::ADV	588	0.21817953130071	0.096847702594229	16.0703123787993	1.41066965970929	982																								
BUTTERFLY	1791	BUTTERFLY	Schmetterling::N	170	0.359952502081526	0.092112149259361	17.3721552758492	1.41325827571154	983	3-92																			0.1404494382	0.8247191011	0.893258427	45	0.6332199714
		MOVE_EMOTIONALLY	rühren::V	792	0.385491404628054	0.125690323470962	17.6425346817133	1.41731120400608	984																								
BECOME SICK	2327	BECOME_SICK	krank werden::V	745	0.316680671538607	0.096036819439568	17.0465257070851	1.41963996632377	985																								
TUESDAY	1695	TUESDAY	Dienstag::N	475	0.359537072021266	0.078522247543269	17.4392563558342	1.42034227076428	986	14-64																			0.525	0.835	0.79375	40	0.3148210938
SATURDAY	1700	SATURDAY	Samstag::N	479	0.251333119158425	0.089416251952855	16.5236053824964	1.42616073100706	987	14-68																			0.6607142857	0.8261904762	0.8392857143	42	0.235264061
BOAST	101	BOAST	prahlen::V	991	0.296193950483892	0.103119692900346	17.021163060189	1.43554175058339	988	18-45																			0.0769230769	0.7961538462	0.6538461538	55	0.4805188894
		BOTHER	belästigen::V	940	0.33894788253184	0.101895902073383	17.4222449127272	1.43717139699406	989																								
TEACHER	1038	TEACHER	Lehrer::N	421	0.343846688435411	0.112770819449524	17.6629977691438	1.45683775732251	990	17-27																			0.5129310345	0.7982758621	0.7801724138	60	0.3033430478
		JULY	Juli::N	468	0.067213112280326	0.078072772709276	15.2520993324856	1.46471813219627	991																								
		TINKLE	klirren::V	722	0.29931732833098	0.11672176289467	17.3570383468433	1.46631823918644	992																								
PARENTS	505	PARENTS	Eltern::N	201	0.313947707467173	0.114185272090567	17.5853993605183	1.47598699933137	993	2-37																			0.1172839506	0.8444444444	0.6296296296	42	0.4693288625
WEDNESDAY	1694	WEDNESDAY	Mittwoch::N	476	0.281319864022641	0.097786044482991	17.3678680311165	1.48359892549127	994	14-65																			0.5426829268	0.8170731707	0.762195122	41	0.2848029809
		JUNE	Juni::N	467	0.061507280180197	0.079567308182705	15.39313737125	1.48395718496282	995																								
		AUGUST	August::N	469	0.185910176605126	0.087891323510683	16.5975901352328	1.49243985457866	996																								
SOMETIMES	1544	SOMETIMES	manchmal::ADV	602	0.239982726294422	0.080950097077677	17.1968307870135	1.50369862503637	997	14-33																			0.0576923077	0.7673076923	0.6394230769	52	0.4623284237
TOWEL	1021	TOWEL	Handtuch::N	390	0.213134725938187	0.114113374045161	16.9863457417017	1.5068133208258	998	6-82																			0.6614173228	0.7696850394	0.8779527559	45	0.2287962627
		SUDDENLY	plötzlich::ADV	587	0.173790308481549	0.136276324799591	16.8008638053162	1.52367510289822	999																								
NINETY	1724	NINETY	neunzig::NUM	672	0.426013992110179	0.097982522275934	19.0969699922819	1.52628440632903	1000																								
SUNDAY	1699	SUNDAY	Sonntag::N	480	0.334633170128919	0.102235063137357	18.3593569172181	1.53476583860578	1001	14-62																			0.490625	0.82625	0.7625	42	0.320914209
THURSDAY	1693	THURSDAY	Donnerstag::N	477	0.338513015239994	0.094379543918506	18.5476363767741	1.55010192396141	1002	14-66																			0.60625	0.825	0.80625	40	0.2619052734
NEWSPAPER	1298	NEWSPAPER	Zeitung::N	410	0.085205551958921	0.101376013871409	16.3045293769071	1.55376794092768	1003	23-6																			0.6842439644	0.7728081321	0.8465692503	39	0.2065788397
MONDAY	1697	MONDAY	Montag::N	474	0.298369057302968	0.092912116853191	18.3023957623523	1.56170742466255	1004	14-63																			0.5365853659	0.8146341463	0.7804878049	41	0.2946445931
		TAKE_A_WALK	spazierengehen::V	759	0.190724841909889	0.134534661813068	17.5420723846933	1.58255488075043	1005																								
		APRIL	April::N	465	0.06536037906737	0.077709731795093	16.5467755850789	1.59585321734726	1006																								
		ALL_AT_ONCE	auf einmal::ADV	584	0.136799690144535	0.115727397841925	17.3308734252589	1.60996762139581	1007																								
RAINBOW	1733	RAINBOW	Regenbogen::N	83	0.340824254206961	0.102313639421211	19.3186962694244	1.62512779815617	1008	1-59																			0.1363636364	0.8409090909	0.7897727273	44	0.5735642844
NEVER	1656	NEVER	niemals::ADV	605	0.362019069937113	0.103247539040374	19.8991404680807	1.66409688386467	1009	14-34																			0.1538461538	0.7653846154	0.7019230769	52	0.4545886436
		EVERYWHERE	überall::ADV	619	0.263943740647354	0.104655904419521	19.1388033195902	1.6763309653764	1010																								
JANUARY	2036	JANUARY	Januar::N	462	0.077098788954277	0.078166195313562	17.915734686615	1.72218455860265	1011																								
FEBRUARY	2037	FEBRUARY	Februar::N	463	0.127366456548666	0.096624992165043	18.6150681266534	1.74687700177154	1012																								
		NOVEMBER	November::N	472	0.048534954728423	0.080369564516887	18.2169767845974	1.77801621920416	1013																								
		OCTOBER	Oktober::N	471	0.078897514096396	0.080487202004097	18.9383821761233	1.82283045492558	1014																								
		DECEMBER	Dezember::N	473	0.054549555160537	0.088593496649612	18.8306787196333	1.83397327231885	1015																								
		SEPTEMBER	September::N	470	0.06793645424017	0.093213190297117	19.1705423178556	1.8559114229694	1016																								
OLIVE										5-78																			0.9270833333	0.8708333333	0.9479166667	24	0.0601910626
MOTOR										23-185																			0.9127906977	0.7390697674	0.9581395349	39	0.0617556945
MACHINE										23-19																			0.8948692153	0.7839034205	0.9004024145	35	0.0742043075
COFFEE										23-91																			0.8630952381	0.7738095238	0.9613095238	43	0.1018394089
PLASTIC										23-57																			0.8382352941	0.7147058824	0.9485294118	34	0.1096634566
TELEVISION										23-11																			0.8356164384	0.7273972603	0.9178082192	37	0.1097443042
BANK										23-44																			0.8357142857	0.7485714286	0.9	35	0.1106816327
KANGAROO										3-88																			0.8421052632	0.7210526316	0.9736842105	19	0.1108543519
CAMEL										3-78																			0.84375	0.83125	0.921875	32	0.1197357178
CAR										23-14																			0.789274448	0.7327444795	0.8552050473	52	0.1320504881
POLICE										23-33																			0.7979591837	0.767755102	0.8775510204	42	0.136123843
RADIO										23-1																			0.7619047619	0.7047619048	0.8928571429	42	0.1498218335
BOMB										23-575																			0.7734375	0.721875	0.9375	32	0.1533279419
SILK										6-25																			0.8040540541	0.8405405405	0.9459459459	37	0.155797781
BATTERY										23-175																			0.75	0.7157894737	0.8815789474	38	0.1577562327
SUGAR										5-85																			0.79375	0.82	0.9375	41	0.1585546875
BOOMERANG										9-87																			0.7833333333	0.7733333333	0.95	15	0.1591777778
BUS										23-15																			0.729805886	0.6697557921	0.8901064496	48	0.1610772884
MINISTER										23-32																			0.7706422018	0.7935779817	0.9036697248	32	0.1644799074
TELEPHONE										23-12																			0.7314049587	0.7107438017	0.8636363636	41	0.1648701343
MOVIE										23-62																			0.7432432432	0.7148648649	0.9121621622	38	0.1674240667
CALENDAR										23-61																			0.7708333333	0.8194444444	0.9166666667	36	0.1721402392
SOAP										6-95																			0.7784090909	0.8181818182	0.9659090909	44	0.1751209147
SCREW										23-55																			0.7466216216	0.7797297297	0.9121621622	38	0.1802128267
HOUR										14-51																			0.7575057737	0.8133949192	0.9307159353	46	0.1835777353
CLOCK										14-53																			0.7431192661	0.8211009174	0.9311926606	42	0.1964118178
ADDRESS										23-385																			0.6903409091	0.7397727273	0.8636363636	30	0.1978395297
PEN										18-57																			0.7268041237	0.8154639175	0.8969072165	50	0.199814227
PRESIDENT										23-31																			0.6786978061	0.7460014154	0.8588110403	37	0.2058500426
SCHOOL										17-28																			0.6902730375	0.8040955631	0.8361774744	50	0.2082500638
ZERO										13																			0.7244094488	0.7968503937	0.9527559055	34	0.2092294263
MOSQUE										22-132																			0.7328767123	0.898630137	0.8767123288	25	0.210450443
WINE										5-92																			0.7394067797	0.8423728814	0.9618644068	43	0.2111452638
MATCH										1-87																			0.6689453125	0.73828125	0.873046875	52	0.2133826688
MAIL										23-4																			0.6885245902	0.7737704918	0.9016393443	33	0.2173045321
SOCK										6-49																			0.6844262295	0.7852459016	0.881147541	61	0.2183510129
STOCKING										6-49																			0.6844262295	0.7852459016	0.881147541	61	0.2183510129
OATS										8-46																			0.6785714286	0.7736263736	0.8901098901	24	0.2213397278
CLOAK										6-41																			0.7043478261	0.8547826087	0.8826086957	31	0.2230514013
PETROLEUM										23-195																			0.6546052632	0.7552631579	0.8618421053	42	0.2248235097
MOTORCYCLE										23-135																			0.6258503401	0.7102040816	0.8469387755	38	0.2250507867
SCREWDRIVER										23-555																			0.5926829268	0.7565853659	0.7365853659	35	0.226993613
ELECTRICITY										23-17																			0.6632653061	0.7646683673	0.8820153061	47	0.2271104463
ALTAR										22-14																			0.686440678	0.8220338983	0.8813559322	30	0.227175125
TIN. CAN										23-54																			0.6949685535	0.7899371069	0.9433962264	43	0.2273166589
INJECTION										23-23																			0.6307531381	0.7589958159	0.8368200837	44	0.2345245383
MULE										3-47																			0.6875	0.8515625	0.8828125	33	0.2349281311
PAPER										18-56																			0.719524618	0.8474702886	0.99524618	43	0.2365645958
BICYCLE										23-13																			0.625	0.7445652174	0.847826087	47	0.2367231805
TRAIN										23-155																			0.6038961039	0.7571428571	0.7922077922	39	0.237588849
AIRPLANE										23-16																			0.5857142857	0.739047619	0.780952381	53	0.2391095562
BEER										5-93																			0.6775147929	0.7727810651	0.9644970414	45	0.2403627531
GOVERNMENT										23-3																			0.6339347675	0.8004857738	0.8251214434	37	0.2417853455
RELIGION										22-11																			0.6466666667	0.8226666667	0.8333333333	38	0.2422296296
RUG										9-771																			0.6712328767	0.8082191781	0.9178082192	40	0.2438762316
NUMBER										23-39																			0.656626506	0.756626506	0.9397590361	43	0.2441545541
OCEAN										1-329																			0.6116504854	0.8103559871	0.786407767	35	0.2474835892
HOSPITAL										23-2																			0.5639534884	0.7465116279	0.761627907	43	0.2479203875
MARKET										11-85																			0.6746987952	0.834939759	0.9277108434	44	0.2519726751
CIGARETTE										23-59																			0.632231405	0.7595041322	0.9039256198	47	0.2524861019
PEPPER										5-82																			0.6594202899	0.831884058	0.8913043478	36	0.2525268714
BRICK										7-62																			0.6644736842	0.8144736842	0.9276315789	39	0.2535007039
TOBACCO										8-68																			0.6640969163	0.7977973568	0.9504405286	44	0.2547015167
PILL										23-22																			0.6126760563	0.7746478873	0.8521126761	38	0.2556676101
CITRUS FRUIT										8-83																			0.6022727273	0.7568181818	0.8522727273	44	0.256540254
LAMP										7-45																			0.6488663484	0.784725537	0.9319809069	73	0.2568013214
TORCH										7-45																			0.6488663484	0.784725537	0.9319809069	73	0.2568013214
MATTRESS										23-53																			0.6478873239	0.8028169014	0.9084507042	36	0.2568026688
CHEESE										5-88																			0.6644736842	0.8368421053	0.9210526316	38	0.2586155052
LINEN										6-23																			0.6555555556	0.84	0.9	23	0.2604
PRIEST										22-18																			0.6214953271	0.8046728972	0.8598130841	54	0.2618753791
WAGON										10-75																			0.6679220204	0.8392556491	0.9435090829	42	0.2629543966
COAT										6-43																			0.6075268817	0.7612903226	0.8817204301	49	0.2634457088
WITNESS										21-23																			0.5763888889	0.8083333333	0.7708333333	36	0.2639479649
BILL										11-66																			0.6302816901	0.8492957746	0.8521126761	37	0.2675635493
POSTAGE STAMP										23-41																			0.6056338028	0.776056338	0.8802816901	36	0.2694105518
PENALTY										21-37																			0.6133828996	0.8371747212	0.8327137546	47	0.2695211827
PUNISHMENT										21-37																			0.6133828996	0.8371747212	0.8327137546	47	0.2695211827
PREACH										22-22																			0.5846153846	0.82	0.7923076923	36	0.2698721893
LION										3-72																			0.656626506	0.843373494	0.9337349398	42	0.2704022652
BANANA										8-84																			0.6217948718	0.741025641	0.9743589744	39	0.2730735515
POSTCARD										23-43																			0.4740231859	0.7506225848	0.6994418205	30	0.2761466781
ELEPHANT										3-77																			0.6411764706	0.7882352941	0.9823529412	43	0.2778461225
JUDGE										21-18																			0.5448717949	0.7743589744	0.7884615385	39	0.277879558
TEMPLE										22-13																			0.6164383562	0.8534246575	0.8493150685	41	0.2780156137
TENT										7-14																			0.6357615894	0.8152317881	0.9370860927	40	0.278257155
LAW										21-11																			0.6301369863	0.8205479452	0.9178082192	37	0.2785459247
SOLDIER										20-17																			0.5771812081	0.7859060403	0.8691275168	54	0.2888074605
CANDLE										7-46																			0.6265060241	0.8337349398	0.9277108434	42	0.2888844972
DRIVER'S LICENSE										23-34																			0.4642857143	0.72	0.75	36	0.2892857143
COLOR										15-61																			0.5955414013	0.7592356688	0.9426751592	45	0.2894761173
DONKEY										3-46																			0.6265822785	0.8278481013	0.9367088608	41	0.2895677624
LICENSE PLATE										23-35																			0.3793103448	0.7172413793	0.6551724138	30	0.2916724753
COURT										21-15																			0.5472103004	0.782832618	0.8358369099	41	0.2962695357
										23-24																			0.5217391304	0.7926086957	0.7847826087	40	0.297490466
SAVANNA										1-411																			0.5839285714	0.7557142857	0.9464285714	26	0.297586598
ARMY										20-15																			0.5627659574	0.8038297872	0.8468085106	44	0.2976207989
SINK. BASIN										23-51																			0.4166666667	0.7051282051	0.7307692308	40	0.3005834977
PIPE										8-691																			0.6018518519	0.8111111111	0.9320987654	41	0.3010142001
TOILET										23-52																			0.5330578512	0.8033057851	0.8099173554	61	0.303797837
CARPENTER										9-43																			0.5069444444	0.8069444444	0.7638888889	37	0.3039272816
SKIRT										6-46																			0.6097972973	0.8010135135	0.9746621622	51	0.3046381031
SHIP										10-81																			0.6086956522	0.8304347826	0.9378881988	47	0.304769341
										23-565																			0.5606796117	0.8262135922	0.8398058252	54	0.3048263999
PIN										6-63																			0.5797752809	0.7896629213	0.9191011236	41	0.3049907295
COOKED RICE										8-48																			0.6166666667	0.8188888889	0.9722222222	46	0.3051877572
COIN										11-44																			0.5335249042	0.8042145594	0.816091954	48	0.3061536841
VEIL										6-59																			0.6	0.8637837838	0.8864864865	32	0.3062930606
CIRCUMCISION										22-5																			0.5188679245	0.8132075472	0.7830188679	27	0.3063641462
FINE										21-38																			0.5362318841	0.784057971	0.847826087	35	0.3082874442
CHAIN										9-18																			0.561752988	0.7633466135	0.922310757	46	0.3085446503
TAX										11-69																			0.5903614458	0.8120481928	0.9277108434	42	0.3085995309
SAUCER										5-36																			0.5	0.7825136612	0.7950819672	33	0.3110812506
BIRTH CERTIFICATE										23-36																			0.3776150628	0.779916318	0.6412133891	35	0.3112502169
POCKET										6-61																			0.5993975904	0.7963855422	0.9759036145	42	0.3113464017
BUFFALO										3-917																			0.5380434783	0.7472826087	0.902173913	32	0.3114413282
NURSE										23-21																			0.449339207	0.781938326	0.7257709251	40	0.3125044616
TINPLATE										9-69																			0.5791666667	0.77	0.9666666667	33	0.3132402778
PONCHO										6-411																			0.5810810811	0.8027027027	0.9324324324	20	0.3135465816
FARMER										8-11																			0.4434782609	0.7739130435	0.7282608696	39	0.3136615435
WAGES										11-78																			0.5319148936	0.8053191489	0.8324468085	50	0.3137974004
ARCTIC LIGHTS										1-771																			0.21875	0.71875	0.5625	16	0.3158569336
MUSIC										23-63																			0.5803571429	0.8272321429	0.9129464286	41	0.3169221038
ELECTION										23-38																			0.4779411765	0.8264705882	0.7352941176	34	0.3172546051
ANCHOR										10-89																			0.5838926175	0.8308724832	0.9194630872	26	0.3178879723
SQUARE										12-78																			0.4508928571	0.75625	0.765625	38	0.3179351807
BOTTLE										23-56																			0.6022727273	0.8102272727	0.9886363636	47	0.3185875575
										17-242																			0.4220963173	0.7402266289	0.7478753541	43	0.3199258908
SAUSAGE										5-63																			0.5289855072	0.7507246377	0.9057971014	36	0.3202918337
CITIZEN										19-37																			0.4342105263	0.8125	0.6973684211	27	0.3205830159
FIG										5-75																			0.5573770492	0.7819672131	0.9262295082	31	0.3205834409
IDEA										17-19																			0.4933078394	0.8043977055	0.7877629063	49	0.3210779899
PRISON										21-39																			0.5102040816	0.7836734694	0.8367346939	50	0.3211723007
PAN										5-28																			0.5489130435	0.8326086957	0.8559782609	48	0.3214873929
MASON										7-61																			0.4193548387	0.7741935484	0.7177419355	31	0.3226477795
JUDGMENT										21-17																			0.3822714681	0.7567867036	0.6911357341	34	0.323098173
TOUCAN										3-598																			0.5	0.7533333333	0.8666666667	15	0.3264444444
GUARD										20-471																			0.4322916667	0.7625	0.7552083333	48	0.326912774
PLAINTIFF										21-21																			0.2822580645	0.7774193548	0.5887096774	31	0.3284920362
ABSTAIN FROM FOOD										22-26																			0.2952755906	0.7566929134	0.6161417323	43	0.3285637195
PLATE										5-32																			0.5385514019	0.7607476636	0.9369158879	46	0.3289005212
INNOCENT										21-36																			0.3121387283	0.7751445087	0.6213872832	30	0.3313186584
COPPER										9-66																			0.5864197531	0.8679012346	0.9259259259	41	0.3323581545
										23-5																			0.5151515152	0.7818181818	0.8787878788	34	0.3331162868
WORKSHOP										23-58																			0.4508196721	0.7885245902	0.7704918033	32	0.3336554601
CONDEMN										21-32																			0.4689922481	0.8813953488	0.7131782946	29	0.3337872417
PUPIL										17-26																			0.3388888889	0.7644444444	0.6611111111	46	0.3341141289
PADLOCK										7-232																			0.456928839	0.7782771536	0.7921348315	30	0.3348036108
BALL										12-83																			0.5701892744	0.8034700315	0.9716088328	55	0.3355354305
DEFENDANT										21-22																			0.1956521739	0.7405797101	0.5652173913	36	0.3366907756
COOKHOUSE										7-17																			0.3276699029	0.7233009709	0.6941747573	37	0.3375751103
CRIME										23-37																			0.4847775176	0.8299765808	0.7915690867	41	0.3384928264
DOUBT										17-43																			0.4428571429	0.7914285714	0.7714285714	37	0.3401527697
COCONUT										8-82																			0.4924242424	0.796969697	0.8409090909	33	0.3401666458
HELL										22-32																			0.4928292047	0.8028683181	0.8357235984	44	0.3402994315
LASSO										8-29																			0.5113636364	0.8295454545	0.8409090909	23	0.3408591989
FORTRESS										20-35																			0.4833333333	0.7933333333	0.8333333333	31	0.3415740741
KEY										7-24																			0.4734693878	0.7869387755	0.8285714286	43	0.3433163801
BRUSH										6-92																			0.4841772152	0.7569620253	0.8797468354	42	0.3435044185
INTENTION										17-41																			0.4452690167	0.792393321	0.7829313544	49	0.3441493195
JEWEL										6-72																			0.4783783784	0.82	0.8054054054	33	0.3444958364
TOWER										20-36																			0.5	0.7838709677	0.8790322581	31	0.3445239334
DOLPHIN										3-662																			0.5543478261	0.8130434783	0.9565217391	23	0.3465809156
PORPOISE										3-662																			0.5543478261	0.8130434783	0.9565217391	23	0.3465809156
HANDKERCHIEF										6-81																			0.4801829268	0.7954268293	0.8414634146	58	0.3479253024
RAG										6-81																			0.4801829268	0.7954268293	0.8414634146	58	0.3479253024
RAPE										21-44																			0.3287671233	0.7890410959	0.6575342466	39	0.3482500765
REINDEER										3-871																			0.5416666667	0.8466666667	0.9	17	0.34925
										3-871																			0.5416666667	0.8466666667	0.9	17	0.34925
BRAKE										23-18																			0.421875	0.775	0.78125	32	0.3500366211
CAPTIVE										20-47																			0.3928571429	0.8180952381	0.7047619048	54	0.3500557175
PRISONER										20-47																			0.3928571429	0.8180952381	0.7047619048	54	0.3500557175
GOOD LUCK										16-18																			0.4404145078	0.7792746114	0.8031088083	50	0.350212274
CAUSE										17-42																			0.4911838791	0.7934508816	0.8677581864	43	0.3503318554
FREEMAN										19-44																			0.25	0.7527472527	0.6208791209	31	0.3505237894
FAIRY										22-44																			0.4875	0.845	0.8125	40	0.3518632813
BANYAN										8-85																			0.5	0.775862069	0.9137931034	15	0.3544887039
SUSPECT										17-44																			0.3881578947	0.7605263158	0.7631578947	40	0.3551141748
OPOSSUM										3-622																			0.476744186	0.7790697674	0.8720930233	22	0.35551115
NOBLE										19-36																			0.3781512605	0.8016806723	0.7142857143	22	0.3560886539
POET										18-67																			0.375	0.803125	0.7109375	32	0.3568572998
NATIVE COUNTRY										19-12																			0.1666666667	0.7366666667	0.5833333333	33	0.3581018519
DISH										5-31																			0.549744898	0.8015306122	0.9923469388	46	0.3581313095
CUSTOM										19-61																			0.4662921348	0.7966292135	0.8426966292	46	0.3582870311
NETBAG										9-78																			0.487804878	0.7975609756	0.8780487805	22	0.3586889337
COMMAND										19-45																			0.4215328467	0.8113138686	0.7645985401	49	0.3588401819
ROOM										7-21																			0.5148083624	0.8222996516	0.9006968641	52	0.359353653
OVEN										5-25																			0.5138888889	0.8192307692	0.9027777778	46	0.3595196759
ADMIT										18-33																			0.3640167364	0.8167364017	0.6956066946	43	0.3613194599
OINTMENT										6-94																			0.4307228916	0.7771084337	0.8192771084	44	0.3624400345
BOWL										5-33																			0.5589285714	0.8542857143	0.9625	55	0.3626709821
SACRIFICE										22-15																			0.3630952381	0.7547619048	0.755952381	42	0.3633949661
ACCUSE										21-31																			0.3595505618	0.7966292135	0.7134831461	47	0.3640196236
DINNER (SUPPER)										5-44																			0.1815038894	0.7558340536	0.5894554883	27	0.3646650069
GUILTY										21-35																			0.3551282051	0.8451282051	0.6692307692	37	0.3647303292
GOVERN										19-31																			0.3755656109	0.8389140271	0.7036199095	42	0.3685890156
PERJURY										21-47																			0.193877551	0.7469387755	0.612244898	27	0.3686474173
RACCOON										3-866																			0.4285714286	0.7857142857	0.8214285714	14	0.3688046647
FISHERMAN										20-51																			0.1785714286	0.7642857143	0.5892857143	42	0.3699571793
TAILOR										6-13																			0.2941176471	0.7941176471	0.6617647059	34	0.3709546102
ALCOHOL (FERMENTED DRINK)										5-94																			0.4772727273	0.7784688995	0.9138755981	39	0.3718805867
MERCHANT										11-84																			0.3265306122	0.8530612245	0.6479591837	49	0.3722594327
BREAKFAST										5-42																			0.257985258	0.757985258	0.6621621622	42	0.3724239939
SCULPTOR										9-82																			0.21875	0.81875	0.5833333333	25	0.3731282552
SCISSORS										9-24																			0.4783464567	0.8118110236	0.8818897638	45	0.3734662902
BARLEY										8-44																			0.5481651376	0.8623853211	0.9587155963	29	0.3735690475
STREET										23-395																			0.4928909953	0.8037914692	0.9170616114	46	0.3738033843
PORT										10-91																			0.4330708661	0.8062992126	0.8188976378	33	0.3743299959
CONVICT										21-33																			0.213559322	0.8094915254	0.5881355932	29	0.3744171546
WHEAT										8-43																			0.5224137931	0.8620689655	0.9103448276	38	0.3748001148
RUDDER										10-86																			0.4602272727	0.8176136364	0.8494318182	31	0.3748759579
POTATO										5-7																			0.4215517241	0.7806896552	0.8344827586	50	0.3768428882
SHOEMAKER										6-54																			0.2413793103	0.7586206897	0.6551724138	29	0.3770552298
MANIOC BREAD										5-983																			0.325	0.7	0.8	12	0.378
HAT										6-55																			0.4923076923	0.8	0.9307692308	65	0.378035503
ALLIGATOR										3-97																			0.5333333333	0.8533333333	0.95	46	0.3783111111
CROCODILE										3-97																			0.5333333333	0.8533333333	0.95	46	0.3783111111
PARROT										3-592																			0.5	0.8181818182	0.9261363636	44	0.3788739669
HEAVEN										22-31																			0.3830960037	0.8024804777	0.7657326596	47	0.3790785671
GRASS-SKIRT										6-461																			0.25	0.7	0.7222222222	9	0.3791666667
DESCENDANTS										2-57																			0.3454545455	0.8242424242	0.703030303	45	0.3792877536
ARCH										7-58																			0.4609375	0.7859375	0.8984375	35	0.3806405067
LEAD. CHEMICAL ELEMENT										9-68																			0.5289855072	0.8347826087	0.9710144928	35	0.381797759
FAITHFUL										16-65																			0.2126582278	0.7703797468	0.6303797468	35	0.382358194
SCYTHE										8-33																			0.5222222222	0.8733333333	0.9166666667	45	0.3824876543
SICKLE										8-33																			0.5222222222	0.8733333333	0.9166666667	45	0.3824876543
HORN. INSTRUMENT										18-73																			0.4683794466	0.7869565217	0.9169960474	45	0.3836365402
TRUMPET										18-73																			0.4683794466	0.7869565217	0.9169960474	45	0.3836365402
WORSHIP										22-16																			0.2528089888	0.7617977528	0.6741573034	48	0.3837360224
FORGIVE										16-69																			0.3425925926	0.8259259259	0.7067901235	44	0.3837657073
SEASON										14-78																			0.3804347826	0.7473913043	0.8304347826	43	0.3845391839
DRESS										6-42																			0.4677419355	0.8161290323	0.8870967742	50	0.3853470847
HAMMOCK										7-66																			0.4038461538	0.7923076923	0.8173076923	26	0.3860448908
HOST										19-57																			0.2059659091	0.7346590909	0.6619318182	33	0.3861341951
THREE TIMES										13-44																			0.0897435897	0.7794871795	0.5448717949	39	0.3866046292
TWICE										13-38																			0.1104651163	0.7790697674	0.5581395349	43	0.3867961312
DIVORCE										2-341																			0.2487244898	0.7933673469	0.6492346939	40	0.3869681968
TONGS										5-391																			0.403125	0.7525	0.8625	42	0.3873905273
COTTON										6-24																			0.4929577465	0.8478873239	0.9014084507	37	0.3875287432
FISHING LINE										20-53																			0.2521551724	0.7409482759	0.7025862069	41	0.3893130892
TAPIR										3-99																			0.4528301887	0.7905660377	0.9009433962	19	0.3897245713
CLAN										19-23																			0.4489361702	0.7944680851	0.8914893617	41	0.3902963833
FIFTEEN										13-103																			0.1768292683	0.7707317073	0.6158536585	41	0.3907245252
ADJUDICATE										21-16																			0.3071895425	0.7973856209	0.7091503268	30	0.3917609478
HIRE										11-77																			0.3784722222	0.8106481481	0.7777777778	38	0.3918758216
SECRET										17-36																			0.365625	0.805	0.76875	41	0.3925790039
GRAPE										5-76																			0.4591346154	0.8115384615	0.8954326923	37	0.3930350136
ATTACK										20-43																			0.3263888889	0.8097222222	0.7222222222	37	0.393927362
HAMMER										9-49																			0.4514563107	0.7747572816	0.927184466	52	0.3940424736
QUEEN										19-33																			0.3203063629	0.8126472899	0.7140612726	33	0.3944125952
MEETING HOUSE										7-18																			0.2543859649	0.7649122807	0.6929824561	29	0.3952282214
NOSTRIL										4-231																			0.0714285714	0.7619047619	0.5595238095	43	0.3958535795
RAZOR										6-93																			0.3430232558	0.7813953488	0.773255814	44	0.3969575006
WEIGH										11-92																			0.3884615385	0.8169230769	0.7961538462	37	0.3977424442
PRAY										22-17																			0.3793103448	0.8114942529	0.7902298851	49	0.3980277994
BLESS										22-23																			0.2894736842	0.7605263158	0.7368421053	39	0.3981702872
MORTAR BINDER										7-63																			0.5	0.8345454545	0.9545454545	29	0.3983057851
ADULTERY										21-43																			0.3695652174	0.8565217391	0.7391304348	35	0.3991164626
SHARK										3-661																			0.4270833333	0.7875	0.8854166667	24	0.3994750977
PLOT										19-63																			0.3293650794	0.8349206349	0.7142857143	32	0.3999478098
ANCESTORS										2-56																			0.2784810127	0.7962025316	0.6962025316	43	0.3999511195
SERVANT										19-43																			0.3557692308	0.7875	0.7884615385	54	0.400011557
DITCH										8-17																			0.4831081081	0.8618243243	0.9037162162	54	0.4025784678
BRAVE										16-52																			0.2846385542	0.7478915663	0.7560240964	58	0.4044825627
OX										3-22																			0.4880952381	0.8698412698	0.9087301587	36	0.4046356285
EARTHQUAKE										1-45																			0.25	0.8075	0.66875	40	0.4050117188
TOOL										9-422																			0.3515625	0.823828125	0.759765625	46	0.4058675945
LUNCH										5-43																			0.2553763441	0.752688172	0.7244623656	39	0.4060390007
DAWN										14-43																			0.3272727273	0.7954545455	0.7590909091	56	0.4062077385
										8-53																			0.3580901857	0.8411140584	0.7533156499	39	0.4067297104
ARSON										21-46																			0.1284246575	0.7876712329	0.5924657534	26	0.4067365228
GARDEN-HOUSE										7-131																			0.3137755102	0.7704081633	0.7704081633	18	0.4072939554
CAMP										7-65																			0.3666666667	0.7833333333	0.8214285714	38	0.4075198413
HIGH TIDE										1-354																			0.1442307692	0.7076923077	0.6730769231	26	0.4076297223
DEMON										22-35																			0.4436619718	0.8394366197	0.8732394366	51	0.407811998
INITIATION CEREMONY										22-51																			0.1578947368	0.7078947368	0.6842105263	20	0.4078728678
COLLARBONE										4-302																			0.1625	0.697	0.69875	35	0.4078865781
HEADBAND										6-78																			0.3681318681	0.7835164835	0.8241758242	46	0.4080322226
HEADDRESS										6-78																			0.3681318681	0.7835164835	0.8241758242	46	0.4080322226
										10-85																			0.4558823529	0.8688235294	0.8661764706	36	0.4094781829
WHEEL										10-76																			0.4608433735	0.834939759	0.9096385542	45	0.4094858968
BATTLE-AXE										20-222																			0.2580645161	0.8161290323	0.6774193548	18	0.4101876406
GARDEN										8-13																			0.4617768595	0.8247933884	0.9256198347	43	0.41090383
BEAVER										3-873																			0.4375	0.80625	0.90625	16	0.4109985352
PROSTITUTE										19-72																			0.3483606557	0.7852459016	0.8032786885	61	0.411035395
										7-231																			0.4036939314	0.8121372032	0.8496042216	37	0.4114483229
POTTER										9-71																			0.1691176471	0.8235294118	0.6029411765	34	0.412566151
GLOVE										6-58																			0.234375	0.784375	0.6875	32	0.4128692627
										9-89																			0.3346080306	0.7973231358	0.7791586998	53	0.413368944
SAW										9-48																			0.4226190476	0.8023809524	0.8928571429	42	0.4136423915
BLACKSMITH										9-6																			0.2901234568	0.8209876543	0.7098765432	41	0.4137159628
CHISEL										9-84																			0.4084507042	0.7830985915	0.8943661972	38	0.4143074675
PITY										16-35																			0.3046875	0.7890625	0.755859375	47	0.4146984816
SWEET POTATO										8-91																			0.3470744681	0.7941489362	0.8005319149	34	0.4150919018
SURRENDER										20-46																			0.2132352941	0.8455882353	0.625	36	0.415799362
PROUD										16-48																			0.3253012048	0.8120481928	0.7590361446	44	0.4158667476
HUT										7-13																			0.393907563	0.7693277311	0.8928571429	45	0.4163247494
FORBID										18-38																			0.3222070845	0.7923705722	0.7752043597	42	0.4163337033
WEAPONS										20-21																			0.3395061728	0.8012345679	0.7901234568	41	0.4181416187
RELATIVES										2-81																			0.3985922836	0.826416406	0.841327772	51	0.4181510111
VICTORY										20-41																			0.3269230769	0.8358974359	0.7435897436	41	0.4183608962
CHIEFTAIN										19-24																			0.3444811801	0.8217192269	0.7774669379	57	0.418784446
ADZE										9-251																			0.3412698413	0.7365079365	0.8650793651	33	0.419701896
STEPMOTHER										2-72																			0.140077821	0.833463035	0.5856031128	45	0.4197095683
PITCHFORK										8-26																			0.4075144509	0.776300578	0.9132947977	35	0.4200670875
WHALE										3-663																			0.43	0.848	0.87	25	0.4205232
INSECT										3-81																			0.4439461883	0.8605381166	0.8789237668	41	0.4205698563
MAGIC										22-42																			0.3360215054	0.8247311828	0.7688172043	47	0.4210071989
EASY										17-46																			0.367219917	0.8360995851	0.7966804979	46	0.4214974923
PEACE										20-14																			0.3896103896	0.8662337662	0.7987012987	39	0.4223053974
RAKE										8-27																			0.3486842105	0.8026315789	0.8092105263	40	0.4230282521
LIBERATE										19-445																			0.2003293085	0.7785400659	0.6802963776	40	0.423535975
STALLION										3-42																			0.3131067961	0.8373786408	0.7378640777	40	0.4244118156
WATERFALL										1-39																			0.2247191011	0.8056179775	0.6797752809	45	0.4245742011
BLAME										16-78																			0.3243967828	0.7935656836	0.7935656836	40	0.4254587575
CASSAVA										8-92																			0.4262295082	0.8081967213	0.9180327869	32	0.4257096409
MANIOC										8-92																			0.4262295082	0.8081967213	0.9180327869	32	0.4257096409
ARMOUR										20-31																			0.37	0.856	0.79	25	0.4260312
SKULL										4-202																			0.1793478261	0.7706521739	0.6739130435	47	0.4262078008
EYELID										4-213																			0.0435684647	0.7452282158	0.5985477178	43	0.4266207316
DENY										18-34																			0.3655172414	0.8344827586	0.8068965517	40	0.4272234204
HARVEST										8-41																			0.2724913495	0.8006055363	0.7339965398	41	0.4275144154
STEPFATHER										2-71																			0.1184038378	0.8343872656	0.5821522024	46	0.4282268586
EARLOBE										4-221																			0.0869565217	0.7913043478	0.5942028986	36	0.4293087861
STATUE										9-83																			0.3396226415	0.8113207547	0.8018867925	30	0.4296331871
DOORPOST										7-221																			0.2297297297	0.7864864865	0.7094594595	40	0.4297956192
ACQUIT										21-34																			0.1939799331	0.7525083612	0.7090301003	29	0.4300528763
										10-36																			0.1470588235	0.8235294118	0.6122994652	21	0.430092704
CHIMNEY										7-33																			0.3357142857	0.8471428571	0.7642857143	36	0.4300978863
STRANGER										19-55																			0.222	0.784	0.706	46	0.430626112
CONCEIVE										4-732																			0.0942028986	0.7333333333	0.6485507246	38	0.4308006021
MEN'S HOUSE										7-16																			0.1339285714	0.7642857143	0.6517857143	10	0.431433924
ORNAMENT										6-71																			0.3122775801	0.78113879	0.8060498221	50	0.4330153319
DINNER (SUPPER)										5-45																			0.1883561644	0.8116438356	0.6575342466	35	0.4331610187
SWORD										20-27																			0.4459459459	0.8324324324	0.9391891892	37	0.4331658539
MEAD										5-91																			0.3194444444	0.8333333333	0.7638888889	18	0.4332240226
HERDSMAN										3-18																			0.2051282051	0.8179487179	0.6666666667	39	0.4334429104
GLUE										9-56																			0.4174311927	0.7990825688	0.9311926606	55	0.4334893466
WITCH										22-43																			0.2302431611	0.8075987842	0.6990881459	57	0.4345914227
SPIDER WEB										3-819																			0.0833333333	0.7871794872	0.6025641026	39	0.4347989261
BECAUSE										17-52									9	9	4.24	122	7.11						0.354368932	0.8019417476	0.8398058252	53	0.4348166102
LAND (DESCEND)										10-92																			0.185483871	0.7585253456	0.7062211982	39	0.4363254397
ASTONISHED										16-15																			0.2303921569	0.7617647059	0.7450980392	52	0.4368212452
SURPRISED										16-15																			0.2303921569	0.7617647059	0.7450980392	52	0.4368212452
POISON										4-89																			0.4430604982	0.8387900356	0.9359430605	49	0.4372307654
EXPLAIN										17-38																			0.2837837838	0.8216216216	0.7432432432	41	0.4373679743
PERMIT										19-47																			0.2589285714	0.8077380952	0.7311507937	49	0.4376607411
STEPSON										2-73																			0.075	0.78625	0.6025	38	0.4381869531
AXLE										10-77																			0.4484536082	0.8469072165	0.9381443299	35	0.4382153027
SLAVE										19-42																			0.3785714286	0.8228571429	0.8571428571	37	0.4382973761
MURDER										21-42																			0.1404255319	0.8059574468	0.6340425532	44	0.4392522813
GRANDPARENTS										2-4711																			0.1870748299	0.8285714286	0.6530612245	29	0.4398802086
ANVIL										9-62																			0.2807017544	0.7666666667	0.798245614	29	0.4402021135
REGRET										16-34																			0.269033675	0.8162518302	0.7382869693	49	0.4405008402
										16-34																			0.269033675	0.8162518302	0.7382869693	49	0.4405008402
LAGOON										1-341																			0.3869047619	0.8214285714	0.875	24	0.4406622024
OBSCURE										17-35																			0.13875	0.7555	0.6775	36	0.4408318891
BEGINNING										14-251																			0.2205882353	0.7819852941	0.7242647059	49	0.4414310368
BRACKISH										15-39																			0.1808510638	0.7680851064	0.7021276596	25	0.441761941
SHOULDERBLADE										4-301																			0.2338709677	0.7568548387	0.7631048387	43	0.4424851695
RYE										8-45																			0.33	0.7626666667	0.8666666667	20	0.4428551111
COCK										3-52																			0.2989010989	0.8432967033	0.7494505495	41	0.4431009399
DANGER										16-54																			0.3588516746	0.8105263158	0.8528708134	40	0.4432093202
JAGUAR										3-9																			0.4056603774	0.8339622642	0.8962264151	27	0.4442207326
STEPDAUGHTER										2-74																			0.0970812183	0.8248730964	0.5964467005	37	0.4442295727
OMEN										22-47																			0.3507462687	0.8417910448	0.8134328358	34	0.4445703095
CHILI PEPPER										5-821																			0.4078947368	0.8407894737	0.8947368421	39	0.4454320965
CANOE										10-831																			0.4357142857	0.8378571429	0.9428571429	38	0.4457741983
GREEDY										16-83																			0.289017341	0.787283237	0.7976878613	46	0.4465015759
HELMET										20-33																			0.3636363636	0.8060606061	0.8712121212	33	0.4468862175
PUMPKIN										8-931																			0.4018987342	0.8113924051	0.9208860759	45	0.4469012467
CURE										4-86																			0.1868686869	0.7616161616	0.7222222222	50	0.4472678525
FELT										6-27																			0.3863636364	0.7636363636	0.9545454545	22	0.4472952667
MAST										10-87																			0.3396226415	0.8075471698	0.8396226415	28	0.4477588882
SLING										20-23																			0.3141025641	0.7897435897	0.8269230769	39	0.4479302584
PREVENT										19-59																			0.2378711079	0.777986966	0.7556118755	51	0.4480221871
ANNOUNCE										18-43																			0.2351816444	0.8026768642	0.7304015296	45	0.4483949594
BEGGAR										11-53																			0.2071984436	0.7957198444	0.7110894942	44	0.4485893362
EARRING										6-77																			0.2096774194	0.7440860215	0.7634408602	47	0.4489551281
										8-47																			0.3915662651	0.8084337349	0.9156626506	42	0.45039464
OBEY										19-46																			0.1131008483	0.7997172479	0.6354853911	43	0.4507298011
WOMB										4-47																			0.2893890675	0.801607717	0.7926045016	54	0.4514922592
MARRIED WOMAN										2-39																			0.0100536193	0.7721179625	0.591152815	30	0.451850836
KID										3-38																			0.1243654822	0.8345177665	0.6192893401	35	0.4525348861
IMMEDIATELY										14-19																			0.23359375	0.7646875	0.77265625	60	0.4528239103
HOPE										16-63																			0.2444933921	0.8004405286	0.7488986784	40	0.4528875703
WEDDING										2-34																			0.2528089888	0.8	0.7584269663	46	0.4533518495
COCKROACH										3-816																			0.3630952381	0.7976190476	0.8928571429	42	0.4535780086
BOOTY										20-48																			0.2713068182	0.8181818182	0.7613636364	31	0.4539276742
CARCASS										4-771																			0.2638522427	0.7493403694	0.8232189974	39	0.4541083707
LARCH										8-991																			0.3636363636	0.8727272727	0.8181818182	11	0.4543951916
TIDE										1-352																			0.168	0.768	0.712	24	0.454950912
CLUB										20-22																			0.3690205011	0.7628701595	0.9453302961	40	0.455039872
CROWD										13-19																			0.2893835616	0.8232876712	0.779109589	52	0.4558116395
BE LATE										14-24																			0.1663043478	0.7813043478	0.7	45	0.4559590265
SPINE										4-191																			0.1350574713	0.7942528736	0.6637931034	46	0.4560146366
SNOWSHOE										6-98																			0.1428571429	0.7642857143	0.6964285714	14	0.4562317784
NECESSITY										17-45																			0.2890909091	0.8410909091	0.7654545455	48	0.4576952583
NEED										17-45																			0.2890909091	0.8410909091	0.7654545455	48	0.4576952583
ADOBE										7-64																			0.3139534884	0.8209302326	0.8139534884	23	0.4584156112
HOLY										22-19																			0.2864806867	0.8364806867	0.7682403433	40	0.4585205039
VAGINA										4-493																			0.3362068966	0.7606896552	0.9086206897	57	0.458799428
BASKET										9-76																			0.4159292035	0.807079646	0.9734513274	59	0.458876829
BRACELET										6-74																			0.1985887097	0.7806451613	0.7338709677	43	0.4591227741
SMOKE (INHALE)										8-69																			0.1991869919	0.7926829268	0.7256097561	47	0.4606103969
LIVESTOCK										3-15																			0.2764830508	0.8156779661	0.780720339	45	0.4607474431
CHAMELEON										3-913																			0.3181818182	0.7509090909	0.9	28	0.460785124
FIREPLACE										7-31																			0.2329059829	0.7893162393	0.7617521368	45	0.4612255046
MOVE										10-11																			0.2819148936	0.8106382979	0.7925531915	48	0.4613509892
BATTLE										20-13																			0.3412052117	0.7938110749	0.8827361564	60	0.4616344636
WIDOW										2-76																			0.26875	0.85625	0.7375	44	0.4617729492
WRINKLED										15-89																			0.0752688172	0.7559139785	0.6612903226	47	0.4622533278
DECEIT										16-68																			0.1666666667	0.749382716	0.7407407407	44	0.4625819235
CERTAIN										17-37																			0.3253796095	0.8206073753	0.8362255965	43	0.4629332091
ANXIETY										16-33																			0.1453287197	0.7733564014	0.7006920415	52	0.4631332696
CLEAR										17-34																			0.3020833333	0.8020833333	0.828125	46	0.4635738797
MARE										3-44																			0.2664974619	0.8527918782	0.7411167513	35	0.4635870611
UGLY										16-82																			0.2490875912	0.8120437956	0.7609489051	51	0.464006677
DEFEAT										20-42																			0.223880597	0.8373134328	0.7164179104	35	0.4655679056
CARRY ON HEAD										10-614																			0.1857092324	0.7892819243	0.725150336	25	0.4660577351
ENVY										16-44																			0.2869565217	0.8165217391	0.8043478261	59	0.4683037725
JEALOUSY										16-44																			0.2869565217	0.8165217391	0.8043478261	59	0.4683037725
CORPSE										4-77																			0.3671171171	0.8256756757	0.8963963964	45	0.4684173171
MARRIED MAN										2-38																			0.0467128028	0.798615917	0.615916955	29	0.4689039397
LOW TIDE										1-353																			0.125	0.795	0.675	20	0.469546875
POLE										7-56																			0.3890977444	0.815037594	0.9436090226	51	0.4698307686
POST										7-56																			0.3890977444	0.815037594	0.9436090226	51	0.4698307686
TWINS										2-458																			0.2300796813	0.806374502	0.7569721116	43	0.4699616796
COYOTE										3-862																			0.3965517241	0.8689655172	0.8965517241	15	0.4701299766
YAM										8-912																			0.302238806	0.8455223881	0.7985074627	24	0.4710976126
OLD WOMAN										2-471																			0.1315789474	0.7828947368	0.6929824561	45	0.4711464864
WISE										17-21																			0.2205882353	0.8258823529	0.7323529412	49	0.4714173621
CAST										9-63																			0.3169014085	0.8873239437	0.7781690141	28	0.4716713792
OLD MAN										2-461																			0.2295119705	0.8149171271	0.7536832413	45	0.4732255664
SWEAR										21-24																			0.235915493	0.8070422535	0.7676056338	38	0.4733428492
OUTRIGGER										10-832																			0.25	0.7675675676	0.8243243243	19	0.4745434624
CAPE										1-343																			0.3684210526	0.8657894737	0.8684210526	20	0.4748651407
DRUM										18-72																			0.3944444444	0.8066666667	0.9722222222	45	0.4749125514
JUG										5-34																			0.4028268551	0.8590106007	0.925795053	50	0.474912552
TURN AROUND										10-13																			0.0962837838	0.7611486486	0.6908783784	54	0.4752292434
DOUGH										5-53																			0.3086419753	0.8012345679	0.8580246914	41	0.4752941531
PESTLE										5-59																			0.1538461538	0.7756410256	0.7243589744	40	0.4754052243
THUMB										4-342																			0.0795454545	0.7704545455	0.6704545455	44	0.4754651695
GIVE BACK										11-22																			0.0882352941	0.7694117647	0.6784313725	46	0.4759348667
ROUGH (OF SEA)										1-323																			0.1612903226	0.7951612903	0.7137096774	34	0.4759797422
WIDOWER										2-77																			0.2089552239	0.8313432836	0.723880597	38	0.4760454245
DANDRUFF										4-146																			0.2625	0.7825	0.825	40	0.4761023438
ARTERY										4-151																			0.2626970228	0.8197898424	0.7885288967	54	0.4766132742
RABBIT										3-614																			0.4426229508	0.8967213115	0.9549180328	40	0.4772793758
DROWN										4-751																			0.1623376623	0.812987013	0.7012987013	43	0.477590448
NIECE										2-54																			0.145631068	0.8249872253	0.6780786919	48	0.4779393277
CORMORANT										3-597																			0.3552631579	0.8052631579	0.9210526316	19	0.4781947077
BARTER										11-83																			0.2619047619	0.8656462585	0.75	55	0.479197036
TRADE										11-83																			0.2619047619	0.8656462585	0.75	55	0.479197036
MILL										5-57																			0.2963917526	0.862371134	0.7912371134	35	0.4801000845
READY										14-29																			0.3177290837	0.8422310757	0.8356573705	52	0.4801936008
LAMB										3-29																			0.2045454545	0.8132075472	0.7427101201	43	0.4804366278
EARWAX										4-222																			0.0779220779	0.7948051948	0.6558441558	39	0.4806500297
REMAINS										12-17																			0.2292746114	0.8088082902	0.7720207254	49	0.4812538522
TAN										7-67																			0.2155688623	0.8401197605	0.7305389222	29	0.481436911
INJURE										11-28																			0.1868421053	0.7992982456	0.7412280702	55	0.4817653934
SIBLING										2-456																			0.1360442237	0.846022674	0.6598894406	39	0.4823304655
QUARREL										19-62																			0.1843220339	0.8118644068	0.7288135593	64	0.4826348483
MARRY										2-33																			0.1396457766	0.8089918256	0.6934604905	68	0.4826620473
WHETSTONE										9-93																			0.1268115942	0.8115942029	0.6811594203	37	0.4827204125
GHOST										22-45																			0.3020134228	0.8077181208	0.8565436242	57	0.4828990864
PILE UP										12-213																			0.1673469388	0.7828571429	0.7408163265	44	0.4828999346
AMBUSH										20-49																			0.1733870968	0.7709677419	0.7580645161	32	0.4831083633
SAIL										10-88																			0.4042553191	0.8765957447	0.9255319149	25	0.4833379887
BEAN										5-66																			0.4058823529	0.8541176471	0.9529411765	44	0.4835665378
STORM										1-58																			0.2354014599	0.7861313869	0.8047445255	48	0.4837117439
PERSPIRE. SWEAT										4-55																			0.1479591837	0.7979591837	0.7117346939	50	0.4839040015
BAMBOO										8-94																			0.3585526316	0.7855263158	0.9605263158	39	0.4839840333
HE-GOAT										3-37																			0.2846820809	0.8549132948	0.7919075145	31	0.4842790027
YOUNG MAN										2-251																			0.2432038835	0.865631068	0.7398058252	51	0.4846514055
CATTLE										3-2																			0.3198847262	0.8530259366	0.8357348703	36	0.484856573
REFUSE										18-37																			0.200729927	0.8189781022	0.7408759124	39	0.4849660276
CROUCH										10-413																			0.2159090909	0.7681818182	0.8068181818	45	0.4859662613
IMITATE										17-172																			0.226744186	0.7953488372	0.7906976744	43	0.4862854843
										3-872																			0.3055555556	0.8277777778	0.8472222222	19	0.4870220336
OWE										11-63																			0.1860465116	0.7899224806	0.7583979328	36	0.4876196552
SAME										24-13																			0.1149425287	0.7494252874	0.7356321839	47	0.4879333883
DAY BEFORE YESTERDAY										14-491																			0.0185185185	0.7975308642	0.6234567901	41	0.4880181431
CURSE										22-24																			0.1686046512	0.7651162791	0.7674418605	44	0.4881806005
COUSIN										2-55																			0.1241768579	0.8009289746	0.6960253998	76	0.4882424205
PLOUGH										8-21																			0.2615012107	0.80968523	0.8171912833	39	0.4886408044
RAFT										10-84																			0.3418803419	0.8435897436	0.8803418803	30	0.4887508406
CONE										8-996																			0.2222222222	0.7814814815	0.8055555556	28	0.4896319159
CHOKE										5-19																			0.1732673267	0.7623762376	0.7772277228	51	0.4898721345
PREGNANT										4-73																			0.0700483092	0.7429951691	0.7101449275	55	0.4906743634
WHIRLPOOL										1-362																			0.0975609756	0.7707317073	0.7073170732	41	0.4919661642
NEIGHBOUR										19-54																			0.2051282051	0.8051282051	0.7692307692	40	0.4922874627
MASTER										19-41																			0.3834134615	0.8788461538	0.9086538462	40	0.492385624
WRIST										4-321																			0.1326530612	0.7710204082	0.7367346939	42	0.4926855732
										4-591																			0.0961538462	0.7730769231	0.7051282051	42	0.4927031179
FAN (OBJECT)										9-79																			0.2597402597	0.8545454545	0.7792207792	40	0.4929238412
SMILE										16-251																			0.1375	0.785	0.728125	43	0.4929861328
TATTOO										6-79																			0.2341040462	0.7884393064	0.8179190751	30	0.4939106367
KNIFE										9-23																			0.3838235294	0.8547058824	0.9382352941	43	0.494121293
WRONG										16-74																			0.1606425703	0.834939759	0.7068273092	47	0.4953536894
THRESHING-FLOOR										8-35																			0.1779661017	0.8	0.7542372881	30	0.4960068946
YOKE										10-78																			0.4054054054	0.8848648649	0.9432432432	32	0.4962741003
FATHER-IN-LAW (OF WOMAN)										2-611																			0.1697694098	0.7921620478	0.7556589803	42	0.4969796555
EMBERS										1-841																			0.2479338843	0.8012396694	0.8254132231	44	0.497381797
PAIR										13-37																			0.3557312253	0.8632411067	0.895256917	46	0.4979054514
NEPHEW										2-53																			0.1890519187	0.8360609481	0.7347629797	47	0.4981707857
REEF										1-342																			0.2380952381	0.8214285714	0.7976190476	23	0.4991901523
GUESS										17-171																			0.2246963563	0.8117408907	0.7935222672	45	0.4993998032
BABY										2-28																			0.2218114603	0.7963031423	0.8059149723	50	0.499404538
FATHER'S BROTHER										2-512																			0.2154236061	0.8085123501	0.7888003862	43	0.5003674036
OATH										21-25																			0.2222222222	0.8277777778	0.7777777778	36	0.5007544582
SCORPION										3-815																			0.3243243243	0.8189189189	0.9054054054	37	0.5009821728
DARE										16-51																			0.2421875	0.83125	0.796875	34	0.5019767761
VULVA										4-494																			0.315	0.8345	0.87875	41	0.5023220594
MONKEY										3-76																			0.3333333333	0.7907407407	0.9537037037	54	0.5027549154
ANTEATER										3-89																			0.1145833333	0.75	0.7604166667	25	0.5049641927
BOLT (OF LIGHTNING)										1-57																			0.2556818182	0.8534090909	0.7954545455	42	0.5052790137
ANSWER										18-32																			0.2163009404	0.846708464	0.7617554859	56	0.5054739948
THIEF										21-52																			0.1732673267	0.8237623762	0.7425742574	51	0.5057162907
MOTHER-IN-LAW (OF MAN)										2-62																			0.1217377467	0.8023551878	0.7183322724	44	0.5061931468
										3-833																			0.3712121212	0.8303030303	0.9696969697	33	0.5062637393
MOTHER-IN-LAW (OF WOMAN)										2-621																			0.1889725131	0.8295157068	0.7529450262	43	0.5065513252
FRAGRANT										15-25																			0.1043956044	0.8241758242	0.6868131868	48	0.5069611888
LIMP										10-451																			0.1703296703	0.8076923077	0.7582417582	49	0.5081117108
HAPPY										16-23																			0.1814159292	0.7796460177	0.796460177	57	0.5083055131
FORKED BRANCH										8-74																			0.1363636364	0.7772727273	0.7575757576	35	0.5085462059
MOTHER'S SISTER										2-521																			0.2167630058	0.789017341	0.823699422	42	0.5090360047
DEBT										11-64																			0.3075313808	0.8292887029	0.8870292887	42	0.5093822488
BRAID										6-921																			0.2173038229	0.7820925553	0.8329979879	45	0.509912099
BE SILENT										18-23																			0.0736607143	0.7401785714	0.7444196429	40	0.5104161588
SOW (FEMALE PIG)										3-34																			0.1381578947	0.8657894737	0.6842105263	28	0.510539984
KNEEL										10-412																			0.0670731707	0.8317073171	0.6585365854	41	0.5109730706
HOE										8-25																			0.2916666667	0.8107142857	0.8898809524	44	0.5110194338
RETREAT										20-45																			0.1268115942	0.8260869565	0.7089371981	41	0.5113773519
CULTIVATE										8-15																			0.1370645346	0.7904054826	0.7501427756	37	0.511649075
NIPPLE										4-412																			0.0622605364	0.7643678161	0.714559387	47	0.5121803524
										4-412																			0.0622605364	0.7643678161	0.714559387	47	0.5121803524
FISHNET										20-54																			0.2631578947	0.8263157895	0.8421052632	49	0.5127278029
EARN										11-79																			0.1889661164	0.8496959166	0.7447871416	44	0.5132567859
AXE										9-25																			0.3493975904	0.8301204819	0.9518072289	45	0.5140505118
DAY AFTER TOMORROW										14-481																			0.0126582278	0.7848101266	0.664556962	40	0.5149491217
BLINK										4-215																			0.1382978723	0.8085106383	0.7393617021	47	0.5151098504
FOOTPRINT										4-374																			0.1269592476	0.7993730408	0.7384404389	46	0.5153466836
NUT										5-77																			0.2733463035	0.8038910506	0.8832684825	46	0.5159616404
SCAR										4-858																			0.2446808511	0.8053191489	0.8484042553	49	0.5160613797
MANNER										17-49																			0.3457446809	0.8340425532	0.9468085106	48	0.5166514164
WALL										7-27																			0.3396946565	0.820610687	0.9541984733	46	0.5170358985
BEAM										7-55																			0.3022813688	0.8019011407	0.9258555133	47	0.5180174246
BEEHIVE										3-822																			0.1337579618	0.8394904459	0.7133757962	42	0.518768245
ANKLE										4-371																			0.1123595506	0.7831460674	0.7471910112	46	0.5194114209
VINE										8-67																			0.1940874036	0.8285347044	0.778277635	37	0.5196766439
FOWL										3-5																			0.1521035599	0.8203883495	0.7475728155	32	0.5200149107
FOAL										3-45																			0.2105263158	0.8631578947	0.7631578947	40	0.520046654
WHISPER										18-15																			0.1578947368	0.8092105263	0.7631578947	41	0.520046654
SMELL (STINK)										15-21																			0.1140867702	0.8109266202	0.7241564006	40	0.5202416497
YOLK										5-971																			0.0308641975	0.7913580247	0.6790123457	41	0.520757243
FISH TRAP										20-55																			0.2291666667	0.7916666667	0.8541666667	37	0.5212492766
AFTERNOON										14-451																			0.1591981132	0.8400943396	0.7382075472	40	0.5214350461
RETURN HOME										10-58																			0.0288461538	0.7677884615	0.7007211538	41	0.5224862239
EYELASH										4-214																			0.0739910314	0.8094170404	0.697309417	41	0.5226525413
PURSUE										10-53																			0.1604938272	0.7987654321	0.7798353909	48	0.5229330569
BOAR										3-32																			0.2276785714	0.8473214286	0.7991071429	39	0.5229393072
BROKEN										9-261																			0.0912162162	0.8097972973	0.7111486486	51	0.5233560886
FISH POISON										8-96																			0.2058823529	0.7882352941	0.8382352941	19	0.5246946876
RAFTER										7-54																			0.1651982379	0.7876651982	0.7984581498	41	0.5250216015
MORE										13-16																			0.2298387097	0.797983871	0.8548387097	45	0.5253636008
PLAIN										1-23																			0.2600732601	0.9007326007	0.7884615385	52	0.5254908002
PALM TREE										8-81																			0.3	0.816	0.92	50	0.525504
SEPARATE										12-23																			0.1797673599	0.7836446951	0.8175890025	56	0.5255224657
BEGET										4-71																			0.1622691293	0.8229551451	0.7625329815	36	0.5257016223
LAST. ENDURE										14-252																			0.1764705882	0.8205882353	0.7794117647	38	0.5267097496
GOAT										3-36																			0.3674307958	0.8665224913	0.9610726644	43	0.5267979904
ROLL										10-15																			0.1871257485	0.8099550898	0.8007110778	49	0.5271814776
FLOUR										5-55																			0.3495145631	0.8648058252	0.9393203884	45	0.5284086682
TURN										10-12	8								175	181	2.37	168	8.18						0.1482889734	0.8190114068	0.7576045627	50	0.5284754313
CALF										3-24																			0.2097087379	0.8788349515	0.7611650485	45	0.5286562107
										2-541																			0.2223190933	0.837401918	0.81255449	36	0.5291610655
NECKLACE										6-75																			0.239	0.7904	0.88	48	0.529315072
LIGHTNING										1-55	135																		0.16	0.8186666667	0.77	49	0.5295136
DROP										10-16																			0.0404131118	0.8167938931	0.6766951055	44	0.5303832772
BEAK										4-241																			0.2601809955	0.836199095	0.8574660633	45	0.5304593602
VEGETABLES										5-65																			0.2557056358	0.8289706567	0.8602701444	39	0.5307851202
YOUNGER SISTER										2-455																			0.0111165384	0.7890636843	0.6803995217	39	0.5309103223
SHRIEK										18-18																			0.1843971631	0.7579196217	0.8593380615	43	0.5312096137
THIRSTY										5-15																			0.0697674419	0.8325581395	0.6860465116	43	0.5313242859
CALM										1-322																			0.2647058824	0.8658823529	0.8352941176	35	0.5318135559
SIMILAR										12-92																			0.1743630573	0.773566879	0.8328025478	57	0.5318988224
RIDGEPOLE										7-53																			0.1229508197	0.8	0.7581967213	34	0.5319806504
YAWN										4-52	47																		0.119047619	0.7928571429	0.7619047619	42	0.5321671526
FATHER-IN-LAW (OF MAN)										2-61																			0.1254863813	0.8313326848	0.7344357977	43	0.5339434579
FLUTE										18-71																			0.3326086957	0.8447826087	0.947826087	40	0.5343848853
YOUNG WOMAN										2-261																			0.1709401709	0.851037851	0.7578347578	49	0.5346988734
THREATEN										18-44																			0.1224489796	0.813877551	0.7489795918	42	0.5349355116
ANGER										16-42																			0.2161654135	0.8308270677	0.8214285714	55	0.5349397426
PUBIC HAIR										4-145																			0.1735947095	0.8079829948	0.8016060463	43	0.5352495287
LIE (MISLEAD)										16-67																			0.0943396226	0.7688679245	0.7688679245	55	0.5353882735
STABLE										3-19																			0.2527173913	0.8347826087	0.8586956522	47	0.5356702556
PISS										4-65																			0.1887755102	0.8367346939	0.7908163265	49	0.5367900492
NOTHING										24-14																			0.1063829787	0.8482269504	0.7092198582	39	0.5375815892
DIFFICULT										17-47																			0.25	0.844375	0.85	48	0.5382890625
APPROACH										10-56																			0.0729166667	0.8395833333	0.6927083333	50	0.5391790319
CARRY IN HAND										10-612																			0.1123194865	0.7667498663	0.7922089499	39	0.539200318
BEESWAX										3-821																			0.1007462687	0.8641791045	0.6940298507	36	0.5393418988
BALD										4-93																			0.1937086093	0.8145695364	0.821192053	51	0.5393428486
PADDY										8-121																			0.1612903226	0.8677419355	0.7419354839	16	0.5399684468
WALKING STICK										19-25																			0.2445652174	0.8076086957	0.8858695652	48	0.540465212
FISHHOOK										20-52																			0.1849315068	0.8068493151	0.8219178082	42	0.540523936
STUTTER										18-211																			0.1263736264	0.7945054945	0.7802197802	46	0.5415512938
GRANDDAUGHTER										2-49																			0.1045679692	0.8282883875	0.7303247111	46	0.541664276
COLD (DISEASE)										4-843																			0.1945525292	0.7929961089	0.8482490272	46	0.5417908282
										9-29																			0.1115241636	0.7884758364	0.7741635688	49	0.5423338844
MAT										9-77																			0.2945205479	0.8315068493	0.9246575342	39	0.5424142775
FORGE										9-61																			0.0927152318	0.8178807947	0.7317880795	29	0.5430239205
										17-69																			0.0051724138	0.7765517241	0.7043103448	51	0.5441044467
HOLLOW OUT										9-461																			0.0426829268	0.7487804878	0.7591463415	47	0.5441715424
DRINK (FLUID)										5-9																			0.0791208791	0.867032967	0.6835164835	43	0.5457418133
SEAGULL										3-582																			0.21	0.76	0.91	25	0.546364
MISS										20-63																			0.1584077985	0.8322502031	0.7806661251	44	0.5467904831
TEMPLES										4-201																			0.18	0.8133333333	0.82	38	0.5468853333
GO DOWN. DESCEND										10-473																			0.1216216216	0.7926640927	0.7857142857	48	0.5470606431
THINK (BELIEVE)										17-14																			0.2061310782	0.8229386892	0.8385306554	44	0.5478166471
RATTLE										18-74																			0.196969697	0.796969697	0.8560606061	33	0.5478709269
FAMINE										5-141																			0.1722972973	0.8472972973	0.7837837838	39	0.5496756115
DARKNESS										1-62																			0.1472727273	0.868	0.7436363636	49	0.5504152992
OAK										8-61																			0.2901554404	0.8455958549	0.9170984456	26	0.5504806541
SPLASH										10-352																			0.1211340206	0.8103092784	0.7731958763	50	0.550633962
POUND										9-211	93																		0.2186234818	0.8372469636	0.8421052632	47	0.5509095724
FLAME										1-82																			0.1800369307	0.8820270825	0.762002462	45	0.5511027616
GO UP. ASCEND										10-471																			0.1137640449	0.8264044944	0.7528089888	45	0.5513493058
CARRY UNDER ARM										10-615																			0.0782664253	0.8018741348	0.7461931637	27	0.5515220473
FATHER'S SISTER										2-522																			0.2770130764	0.8416207846	0.9066586373	42	0.5516843928
BRUISE										4-852																			0.0700389105	0.7680933852	0.7723735409	44	0.5517040733
SAP										8-76																			0.1983967936	0.8280561122	0.8316633267	46	0.5520351911
SPRING OR WELL										1-37																			0.2054263566	0.8131782946	0.8546511628	66	0.5522157902
										8-28																			0.0558139535	0.7669767442	0.7627906977	20	0.5523891783
ENOUGH										13-18																			0.2095588235	0.8007352941	0.8731617647	49	0.5526538975
SUGAR CANE										8-941																			0.2538461538	0.8753846154	0.8461538462	33	0.5526836595
PEG										9-91																			0.3188405797	0.8492753623	0.9565217391	39	0.5533400911
OLDER SISTER										2-454																			0.0550241773	0.8221718634	0.7123736187	43	0.55346624
GOURD										8-93																			0.2635135135	0.8005405405	0.9391891892	37	0.5537340088
NEXT										24-12																			0.0333333333	0.8053333333	0.7133333333	40	0.5553220741
EWE										3-28																			0.0915915916	0.8381381381	0.7297297297	29	0.5555955883
GOITER										4-842																			0.140625	0.828125	0.78125	32	0.5559921265
GUMS										4-271																			0.1362559242	0.8123222749	0.7926540284	43	0.5561566252
TROUGH										7-48																			0.3094736842	0.8774736842	0.9178947368	43	0.5561695585
LET GO OR SET FREE										11-34																			0.1192725555	0.7881435994	0.8027869627	49	0.5572463
										5-46																			0.1460674157	0.7876404494	0.8286516854	49	0.5573443655
TERMITES										3-834																			0.2672413793	0.8327586207	0.9137931034	30	0.5576066567
NAPE (OF NECK)										4-281																			0.1666666667	0.8149425287	0.8218390805	45	0.5581263487
MAD										17-23																			0.1600877193	0.8105263158	0.8201754386	61	0.5583516588
ORPHAN										2-75																			0.2259414226	0.8192468619	0.8807531381	43	0.558525252
PLANT (SOMETHING)										8-531	84																		0.2301980198	0.8698019802	0.8366336634	43	0.560189225
BEAD										6-76																			0.2490574929	0.8152686145	0.9151743638	41	0.5602879184
SON-IN-LAW (OF WOMAN										2-631																			0.2181138346	0.8342334857	0.859437751	41	0.5605902928
FRUIT										5-71	117								11	61	34.5	19	2.95	0.17508	11				0.2545926518	0.860543131	0.874201278	46	0.5607609323
EMBRACE										16-3																			0.1804511278	0.8218045113	0.8327067669	48	0.5608354689
UNRIPE										5-124																			0.1	0.793258427	0.7865168539	50	0.5615200101
THATCH										7-52	62																		0.0274390244	0.8164634146	0.7073170732	30	0.561652517
MOTHER'S BROTHER										2-511																			0.2112376743	0.782216933	0.9107446447	40	0.5619141884
HAVE SEX										4-67																			0.1236263736	0.8414835165	0.7623626374	64	0.5622073465
TURTLE										3-98																			0.2447916667	0.7854166667	0.9479166667	48	0.5622598154
DRUNK										4-98																			0.067961165	0.8087378641	0.7475728155	52	0.5635017713
FRESHWATER EEL										3-665																			0.171875	0.8	0.8515625	32	0.5641601563
SPEAR										20-26																			0.2530487805	0.7841463415	0.9634146341	43	0.5642903197
RIDE										10-66																			0.197080292	0.8627737226	0.8150851582	40	0.564640483
WE EXCLUSIVE										2-942																			0	0.7240837696	0.780104712	40	0.5648611606
WITHOUT										24-03																			0.2194244604	0.8316546763	0.8705035971	37	0.5651042087
AWL										6-37																			0.2786885246	0.8245901639	0.9508196721	31	0.5655345602
EYEBROW										4-212																			0.146484375	0.801171875	0.8271484375	46	0.5656146176
STEAM										1-831																			0.2251585624	0.8315010571	0.8794926004	45	0.5666407894
FIREFLY										3-91																			0.0972222222	0.7861111111	0.7986111111	36	0.5667612419
										7-15																			0.2347161572	0.803930131	0.9213973799	42	0.5668756775
CARVE										9-81																			0.2655935614	0.8607645875	0.8973843058	48	0.5672824359
PENIS										4-492																			0.2909930716	0.843187067	0.9491916859	75	0.5674509681
HATE										16-41																			0.1098265896	0.8219653179	0.7774566474	44	0.5688585529
SCOLD										18-39																			0.1666666667	0.839047619	0.8142857143	56	0.5693537415
SWELLING										4-853																			0.1173469388	0.837755102	0.7704081633	50	0.5696760863
SHIT										4-66																			0.1495327103	0.853271028	0.785046729	54	0.5696920026
SON-IN-LAW (OF MAN)										2-63																			0.2040867182	0.8454522801	0.8473710441	43	0.570201652
TRAP. CATCH										20-65																			0.0574712644	0.8028256705	0.7545498084	46	0.5709574757
RAM										3-26																			0.1913319239	0.8559196617	0.8255813953	34	0.5714302132
										15-62																			0.130988024	0.8134730539	0.8083832335	37	0.571460518
BLISTER										4-855																			0.0963855422	0.8024096386	0.7891566265	42	0.572192967
PARENTS-IN-LAW										2-622																			0.1109693878	0.8908163265	0.7225765306	30	0.5722538655
TIRED										4-91																			0.196942446	0.8241007194	0.8651079137	48	0.5725286837
SOME										13-181									146	152	1.59	188	2.57						0.0989010989	0.7659340659	0.8296703297	49	0.5726238138
SNORE										4-612																			0.115	0.82	0.79	50	0.573303
ARMPIT										4-312																			0.1467391304	0.7782608696	0.8641304348	46	0.5738340645
MOULD										9-72																			0.1560693642	0.8358381503	0.813583815	34	0.5738934167
THRESH										8-34																			0.1736111111	0.8407407407	0.8263888889	40	0.574157486
LUNG										4-441																			0.2619047619	0.8547619048	0.9107142857	42	0.5745657191
SNIFF										15-212																			0.1146067416	0.8408988764	0.7719101124	45	0.5747072998
GRANDSON										2-48																			0.0951248514	0.8483947681	0.7488109394	45	0.5748556749
EARLY										14-16																			0.175	0.8025	0.86875	45	0.5751667969
SHARE										11-91																			0.1284634761	0.8100755668	0.814861461	43	0.5753007015
LOOM										6-34																			0.1648648649	0.8475675676	0.8135135135	32	0.575832081
MOW										8-32																			0.1568181818	0.8036363636	0.85	39	0.5759698347
BAT										3-591																			0.222826087	0.8217391304	0.902173913	46	0.5761591292
YOUNGER SIBLING										2-4562																			0.1706451252	0.8644063059	0.8062947227	26	0.578032351
DRAW (WATER)										9-9																			0.0281690141	0.7901408451	0.7535211268	36	0.578616332
STINGRAY										3-664																			0.2386363636	0.8363636364	0.9090909091	22	0.5788880541
EXTINGUISH										1-861																			0.1475853455	0.8883430475	0.7647793505	45	0.5791189395
ROUGH										15-76																			0.1494661922	0.8213523132	0.8291814947	50	0.5792561678
SHELL										3-655																			0.209375	0.7925	0.925	44	0.5795775391
BORROW										11-62																			0.1096302666	0.8487532244	0.7678417885	48	0.5802612508
HERON										3-583																			0.2039473684	0.7973684211	0.9144736842	38	0.5804596379
TOP										12-33																			0.2555098991	0.8436682854	0.924355622	54	0.5805902498
TESTICLES										4-49																			0.2128514056	0.8534136546	0.8654618474	67	0.5813855574
MILLET										8-911																			0.2943037975	0.8683544304	0.9493670886	42	0.5817668582
INSIDE										12-05	174																		0.0791139241	0.8050632911	0.7848101266	49	0.5818359197
STINKING										15-26																			0.0179282869	0.8243027888	0.719123506	44	0.5821480621
HEN										3-54																			0.1283618582	0.8902200489	0.7506112469	41	0.5824366088
LOUD										15-45																			0.0473684211	0.8061052632	0.76	46	0.5836202105
SHIELD										20-34																			0.224137931	0.8155172414	0.9224137931	31	0.5836378593
MALE (OF PERSON)										2-23	54																		0.189476168	0.8678621992	0.8298725814	44	0.5837514569
ROAST (SOMETHING)										5-23																			0.2791970803	0.8603406326	0.9416058394	77	0.5839237164
COOKED										5-121																			0.0636792453	0.8372641509	0.7452830189	46	0.5842629843
MUMBLE										18-16																			0.0945945946	0.7716216216	0.8378378378	40	0.585338973
LEND										11-61																			0.0753424658	0.8374429224	0.7568493151	46	0.5860646835
MOLAR TOOTH										4-272																			0.0949367089	0.8253164557	0.7848101266	42	0.5862246191
TREE STUMP										8-72																			0.1185510428	0.8083424808	0.8243688255	41	0.5873732055
STAB										9-223	71								150	156	1.67	186	7.84						0.097133758	0.7818471338	0.8328025478	58	0.5878781363
SHALLOW										12-68																			0.0967741935	0.798156682	0.8156682028	40	0.5880280238
BORE										9-46																			0.1463414634	0.8292682927	0.8323170732	45	0.5892072083
BESIDE										12-02																			0.0708502024	0.8093117409	0.7844129555	46	0.5898564536
GO OUT										10-474																			0.0277136259	0.7907621247	0.7678983834	41	0.5903965519
LOSE										11-33																			0.0371900826	0.8157024793	0.7520661157	44	0.5906474855
CALF OF LEG										4-352																			0.0723684211	0.7947368421	0.8026315789	39	0.5917184539
WE INCLUSIVE										2-941																			0	0.769273743	0.7695530726	39	0.5919969726
UNTIE										9-161																			0.0824524313	0.8279069767	0.7801268499	44	0.592618707
FIN										3-652																			0.067839196	0.7432160804	0.8567839196	36	0.5935772427
STRETCH										9-32																			0.0852272727	0.8522727273	0.7613636364	48	0.5935863836
SNAIL										3-94																			0.2090443686	0.8464163823	0.8873720137	52	0.5940758671
TWIST										10-17																			0.1578947368	0.7989473684	0.8831578947	48	0.5941866744
										8-993																			0.1340304183	0.8003802281	0.8574144487	23	0.5942781826
HICCOUGH										4-521																			0.1265060241	0.786746988	0.8674698795	42	0.5961415702
CENTIPEDE										3-814																			0.141025641	0.8333333333	0.8333333333	39	0.5965099715
FAN ACTION										9-791																			0.1333333333	0.8613333333	0.8	38	0.5971911111
YOUNGER BROTHER										2-445																			0.0308275019	0.8433402405	0.7309599837	40	0.5974444175
SQUEEZE										9-343	88								149	155	1.56	190	7.83						0.1817343173	0.8350553506	0.8745387454	57	0.5975698205
LAME										4-94																			0.1785714286	0.8298701299	0.8766233766	43	0.5975757777
VOMIT										4-57	35								177	183	22.52	34	5.02						0.2210031348	0.8526645768	0.9012539185	57	0.5986336107
SORE										4-85																			0.1522491349	0.8076124567	0.875432526	52	0.5993685197
BAIT										20-56																			0.1534883721	0.8018604651	0.8837209302	37	0.5998558114
DOVE										3-594																			0.2628205128	0.8641025641	0.9423076923	39	0.6002487609
STRAIGHT										12-73									155	161	5.38	105	4.08	0.16534					0.1316326531	0.7951020408	0.8714285714	45	0.6016697091
LATE										14-17																			0.1308962264	0.8306603774	0.8337264151	45	0.601892168
FIELD										8-12																			0.1906028369	0.8425531915	0.8829787234	53	0.6021563141
SPLIT										9-27	80								148	154	2.04	176	5.58						0.1380897583	0.8454929037	0.8264288454	53	0.6022509246
MUTE										4-96																			0.11875	0.81625	0.8375	42	0.6024307617
										7-22																			0.226744186	0.8686046512	0.8975290698	59	0.6028286277
TUMPLINE										9-92																			0.125	0.7875	0.875	9	0.6029296875
SPREAD OUT										9-34																			0.1044776119	0.8313432836	0.8109452736	54	0.6037378268
SPINDLE										6-32																			0.1	0.7914285714	0.85	35	0.6054428571
BEE										3-82																			0.1398305085	0.8050847458	0.875	63	0.6059456693
SPLEEN										4-452																			0.1973684211	0.7973684211	0.9473684211	38	0.6063092288
SALTY										15-36																			0.0590277778	0.8361111111	0.7708333333	40	0.6064587754
LIZARD										3-96																			0.2326732673	0.8069306931	0.9801980198	51	0.6069185122
DEAD										4-7501	75																		0.1040723982	0.8669683258	0.7828054299	47	0.6080369573
FOLLOW										10-52																			0.0715767635	0.8095435685	0.8091286307	48	0.6081403182
VALLEY										1-24																			0.183908046	0.8367816092	0.8908045977	46	0.6083222096
CARRY ON SHOULDER										10-613																			0.0981225045	0.8276612013	0.8153512871	34	0.6086181621
GILL										3-654																			0.1949152542	0.8118644068	0.9322033898	30	0.6093064529
SCALE										3-653																			0.2083333333	0.8597222222	0.8958333333	38	0.6097161941
FEMALE (OF PERSON)										2-24	55																		0.1575978766	0.8553417386	0.8473788985	44	0.6105718293
CUT DOWN										9-221																			0.0668316832	0.8198019802	0.7995049505	40	0.6116318678
BOIL (OF SKIN)										4-856																			0.1305555556	0.8022222222	0.8777777778	46	0.6122391632
RIB										4-162																			0.1123595506	0.8595505618	0.8033707865	45	0.6129492928
OLDER SIBLING										2-4561																			0.0640450256	0.853497004	0.7678367822	31	0.6133747166
PINCH										15-712																			0.1306818182	0.8170454545	0.8636363636	48	0.6134171323
SIEVE										5-47																			0.1693002257	0.8503708481	0.8693969687	55	0.6141445152
STRAIN										5-47																			0.1693002257	0.8503708481	0.8693969687	55	0.6141445152
SHAME										16-45																			0.1166666667	0.8244444444	0.8444444444	45	0.6149744856
GUTS										4-461	16								64	67	4.36	120	6.89						0.165	0.852	0.865	53	0.6153783
ACORN										8-66																			0.1714285714	0.8971428571	0.8285714286	18	0.615916035
FEEL										15-72																			0.1211419753	0.8132716049	0.8631687243	44	0.6169500841
FOLD										9-15																			0.0962264151	0.798490566	0.8556603774	51	0.617491317
FLOAT										10-34									52	53	4.13	127	4.04	0.16028					0.0504484305	0.8049327354	0.8082959641	43	0.6178009278
LAND										1-21																			0.268285124	0.8999173554	0.9392561983	50	0.6184841605
OUTSIDE										12-06																			0.0507968127	0.8099601594	0.8047808765	44	0.6187290299
HIGH										12-31																			0.124452783	0.8417761101	0.8398999375	43	0.6190186261
BURY										4-78																			0.1179775281	0.8449438202	0.8314606742	47	0.6196539139
BUNCH										5-712																			0.140167364	0.7958158996	0.9058577406	42	0.6198499017
SIDE										12-36																			0.1395563771	0.7859519409	0.9168207024	53	0.6200158935
SINK. DESCEND										10-33																			0.1003717472	0.863197026	0.7992565056	53	0.6206677805
GRANDCHILD										2-5																			0.1283783784	0.8317567568	0.8564189189	38	0.6208841668
MIX										5-49																			0.1264204545	0.8264204545	0.8607954545	61	0.621446118
STIR										5-49																			0.1264204545	0.8264204545	0.8607954545	61	0.621446118
DAUGHTER-IN-LAW (OF MAN)										2-64																			0.0939818631	0.8543281121	0.8042044518	42	0.6224838118
RAT										3-63	102														9				0.1771653543	0.8157480315	0.9291338583	64	0.6236585639
SNEEZE										4-54																			0.1152912621	0.8082524272	0.8725728155	42	0.6239488847
LOW										12-32																			0.1049311927	0.8185779817	0.8520642202	44	0.6242934954
										10-21																			0.0111234705	0.8327771598	0.758991472	62	0.6250399419
MORTAR CRUSHER										5-58																			0.1820987654	0.8432098765	0.9074074074	43	0.6258047695
OLDER BROTHER										2-444																			0.0628418214	0.8499337304	0.7863378072	44	0.6263356355
NETTLE										8-97																			0.15	0.8366666667	0.8833333333	30	0.6281972222
FURROW										8-212																			0.1894736842	0.8715789474	0.8894736842	34	0.6283577198
AFTER										12-01																			0.0767590618	0.8304904051	0.8208955224	46	0.6294156827
FEW										13-17									47	47	5.41	104	4.45						0.0880626223	0.7992172211	0.8649706458	47	0.6304217948
SPIT										4-56	36								147	153	2.22	172	2.04	0.17036	7				0.0555555556	0.8444444444	0.7944444444	46	0.6335939643
KNEAD										5-54																			0.1515732924	0.847275518	0.8820030698	48	0.6340289459
PLAIT										9-75																			0.082552432	0.8179384203	0.8449352967	50	0.63405264
WHEN										17-65	170								185	191	2.86	155	1.08	0.20011					0.0473684211	0.8157894737	0.8210526316	48	0.6380784371
DRIP (1)										10-24																			0.0581395349	0.838372093	0.8081395349	46	0.6381308407
IF										17-53	193								80	83	4.36	119	4.32						0.162295082	0.8101639344	0.9409836066	52	0.638625166
DEEP										12-67																			0.1483312732	0.8331273177	0.9027606098	46	0.6405524202
NIT										3-812																			0.0479452055	0.8342465753	0.8082191781	37	0.641926831
MANY										13-15			10	14.2	91	390.966	66	52	95	99	2.55	165	5.6		12				0.1442307692	0.8051282051	0.9326923077	59	0.6426286793
HAWK										3-585																			0.1597938144	0.8154639175	0.9381443299	50	0.6427769311
DAUGHTER-IN-LAW (OF WOMAN)										2-641																			0.1082342954	0.8764855688	0.8238539898	41	0.6439405667
KIDNEY										4-451																			0.1676300578	0.8526011561	0.9075144509	45	0.6440444698
GRASSHOPPER										3-93																			0.1055555556	0.8111111111	0.8888888889	46	0.6448834019
FROG										3-95																			0.2245989305	0.8513368984	0.9786096257	48	0.6460071663
ITCH										4-854																			0.0284090909	0.8431818182	0.7897727273	44	0.6470037654
SLIP										10-42																			0.1121495327	0.8289719626	0.8831775701	54	0.6500214686
										10-42																			0.1121495327	0.8289719626	0.8831775701	54	0.6500214686
WAIST										4-462																			0.1595744681	0.8463829787	0.9138297872	45	0.6500271086
SANDFLY										3-831																			0.0833333333	0.8038461538	0.8846153846	40	0.651836785
MUD										1-214																			0.1539735099	0.8410596026	0.9180463576	53	0.653243876
DEW										1-64																			0.1638225256	0.866894198	0.9027303754	50	0.6543688484
										8-31																			0.067887931	0.8202586207	0.8577586207	47	0.6558190476
HOW MANY										17-62																			0.0608108108	0.867027027	0.8054054054	46	0.6558435631
SCRATCH										4-8541	77								128	134	7.35	88	4.44	0.20343					0.092519685	0.8062992126	0.8986220472	47	0.6575223481
TICK										3-835																			0.1515151515	0.8318181818	0.9318181818	34	0.657663411
QUAIL										3-865																			0.1484375	0.83125	0.9296875	32	0.6580898285
WASP										3-823																			0.1596958175	0.8494296578	0.9230038023	47	0.6588210025
FART										4-64																			0.035	0.854	0.8	50	0.659288
BUTTOCKS										4-464																			0.0996677741	0.8305647841	0.8820598007	58	0.6595904184
LIGHT WEIGHT										15-82																			0.0775862069	0.8387931034	0.8534482759	44	0.6603251594
CROOKED										12-74																			0.1006849315	0.8646575342	0.85	65	0.6609596172
DAY (24 HOURS)										14-411																			0.1902654867	0.8982300885	0.9115044248	42	0.6629626023
FEAR (FRIGHT)										16-53																			0.1208791209	0.889010989	0.8489010989	49	0.6634570598
GREASE										5-791																			0.1804347826	0.8795652174	0.9217391304	46	0.6644458453
BODY HAIR										4-144																			0.1237905521	0.874501992	0.8676721685	40	0.6648511159
FAST										14-21																			0.1073667712	0.8159874608	0.9153605016	59	0.6667280137
SLOW										14-22																			0.0804066543	0.8262476895	0.8807763401	49	0.6692243243
TALL										12-58																			0.0756073376	0.8661378285	0.8358948934	55	0.6692604612
VULTURE										3-586																			0.1102941176	0.8147058824	0.9264705882	35	0.6715509236
BEECH										8-62																			0.1386138614	0.8871287129	0.8811881188	14	0.6733690446
										4-232																			0.0689655172	0.7965517241	0.908045977	46	0.6734224445
HIP										4-463																			0.125	0.8344444444	0.9240740741	52	0.6747024177
FATHOM										12-541																			0.1666666667	0.8458333333	0.9583333333	24	0.6754918981
										17-67																			0.005988024	0.8167664671	0.8323353293	46	0.6757527864
										4-465																			0.174584323	0.8524940618	0.9625890736	41	0.6773373172
NO										17-56	195																		0.1590909091	0.8409090909	0.9602272727	51	0.6790036861
CLIFF										1-222																			0.1657608696	0.8684782609	0.9402173913	50	0.6812049402
SIBLING-IN-LAW										2-6412																			0.1168108776	0.9060568603	0.8516687268	45	0.6815219766
										9-28																			0.0646153846	0.8326153846	0.8753846154	57	0.6817632131
MALE (OF ANIMAL)										3-12																			0.1689189189	0.9347795164	0.8830014225	48	0.6859840003
CHEW										5-18	38																		0.0738636364	0.8511363636	0.875	47	0.6897347947
BOTTOM										12-34																			0.0922982885	0.8178484108	0.9327628362	47	0.6924480597
SUCK										5-16	42								156	162	9.85	72	2.41	0.19196	8	0.718	67	1	0.0596252129	0.8405451448	0.8875638842	53	0.7015548679
GRIND										5-56										224						0.688	100	1	0.0813069909	0.8629179331	0.8860182371	61	0.7023968695
CRUSH										5-56																			0.0813069909	0.8629179331	0.8860182371	61	0.7023968695
FLEA										3-813															9				0.0705882353	0.84	0.9	43	0.7026352941
YES										17-55																			0.1363636364	0.8291666667	0.9829545455	47	0.7038922607
SPIN										6-31																			0.013321492	0.8275754885	0.8623445826	43	0.7041482866
WITH										24-04									194	200	2.67	159	3.25						0.09375	0.8207236842	0.9523026316	57	0.7083044501
DEER										3-75																			0.1467065868	0.8730538922	0.9520958084	44	0.7092838955
FEMALE (OF ANIMAL)										3-13																			0.117414248	0.9034300792	0.8905013193	44	0.7100452482
FIREWOOD										1-88																			0.0491028128	0.8901551891	0.8399612027	42	0.7109818552
CHILD-IN-LAW										2-6411																			0.0362318841	0.9214975845	0.8007246377	26	0.7111315507
HAVE										11-11																			0.036652413	0.8286499695	0.8992058644	38	0.7178162128
										4-12																			0.1109785203	0.8978520286	0.923627685	49	0.7372486134
PUS										4-857																			0.1197718631	0.8859315589	0.9600760456	47	0.7486883121
CHILD (DESCENDANT)										2-43																			0.0709459459	0.8783783784	0.9297297297	49	0.7587161669
BE										24-01																			0.0675	0.86225	0.9475	43	0.7618355984
										4-13																			0.1455331412	0.8922190202	1	44	0.7623715835
ROCK	668									1-44																			0.105	0.894	0.9575	54	0.766124475
IN										12-012	174								81	84	14.66	49	1.78			0.691	97	0.902	0.0520504732	0.8630914827	0.9432176656	41	0.7717097212
WEAVE										6-33																			0.073313783	0.9026392962	0.9252199413	39	0.773912613
IT										2-933																			0.0336700337	0.8799102132	0.9104938272	30	0.7741779753
BODY LOUSE										3-8112																			0.0493421053	0.8598684211	0.9506578947	39	0.7771064577
UDDER										4-42																			0.0455801105	0.8961325967	0.9116022099	40	0.7796813132
SHE										2-932																			0.0531537916	0.8944011339	0.9275336641	40	0.7854914578
HE										2-931									67				2.45						0.0580945004	0.9194422928	0.9672734314	39	0.8376856356
AT										12-013	173								5	5	9.78	73	5.69						0.0527638191	0.8854271357	1	44	0.8387086185
HEDGEHOG																									9								
																									10								
SWELL										4-8531X	87								158	164	3.92	130	4.54										
ASHAMED										16-99907	161																						
